Country,Year,Number of reported cases of cholera,Number of reported deaths from cholera,Cholera case fatality rate,WHO Region
Afghanistan,2016,677.0,5.0,0.7,Eastern Mediterranean
Afghanistan,2015,58064.0,8.0,0.01,Eastern Mediterranean
Afghanistan,2014,45481.0,4.0,0.0,Eastern Mediterranean
Afghanistan,2013,3957.0,14.0,0.35,Eastern Mediterranean
Afghanistan,2012,12.0,0.0,0.1,Eastern Mediterranean
Afghanistan,2011,3733.0,44.0,1.18,Eastern Mediterranean
Afghanistan,2010,2369.0,10.0,0.42,Eastern Mediterranean
Afghanistan,2009,662.0,11.0,1.66,Eastern Mediterranean
Afghanistan,2008,4384.0,22.0,0.5,Eastern Mediterranean
Afghanistan,2005,33.0,0.0,0,Eastern Mediterranean
Afghanistan,2003,41.0,7.0,17.07,Eastern Mediterranean
Afghanistan,2001,4499.0,114.0,2.53,Eastern Mediterranean
Afghanistan,2000,4330.0,198.0,4.57,Eastern Mediterranean
Afghanistan,1999,24639.0,152.0,0.62,Eastern Mediterranean
Afghanistan,1998,10000.0,0.0,0,Eastern Mediterranean
Afghanistan,1997,4170.0,125.0,3,Eastern Mediterranean
Afghanistan,1995,19903.0,624.0,3.14,Eastern Mediterranean
Afghanistan,1994,38735.0,118.0,0.3,Eastern Mediterranean
Afghanistan,1993,37046.0,931.0,2.51,Eastern Mediterranean
Afghanistan,1965,218.0,55.0,25.23,Eastern Mediterranean
Afghanistan,1960,887.0,199.0,22.44,Eastern Mediterranean
Albania,1994,626.0,25.0,3.99,Europe
Algeria,2006,0.0,0.0,0,Africa
Algeria,2005,0.0,0.0,0,Africa
Algeria,1994,118.0,4.0,3.39,Africa
Algeria,1992,69.0,0.0,0,Africa
Algeria,1990,1299.0,20.0,1.54,Africa
Algeria,1989,393.0,0.0,0,Africa
Algeria,1988,699.0,30.0,4.29,Africa
Algeria,1987,1507.0,0.0,0,Africa
Algeria,1984,45.0,0.0,0,Africa
Algeria,1983,218.0,9.0,4.13,Africa
Algeria,1980,614.0,18.0,2.93,Africa
Algeria,1979,2513.0,94.0,3.74,Africa
Algeria,1978,220.0,13.0,5.91,Africa
Algeria,1977,262.0,9.0,3.44,Africa
Algeria,1976,286.0,30.0,10.49,Africa
Algeria,1975,1165.0,118.0,10.13,Africa
Algeria,1974,738.0,50.0,6.78,Africa
Algeria,1973,605.0,74.0,12.23,Africa
Algeria,1972,646.0,71.0,10.99,Africa
Algeria,1971,1332.0,110.0,8.26,Africa
Angola,2016,78.0,3.0,3.8,Africa
Angola,2014,213.0,3.0,1.4,Africa
Angola,2013,6655.0,86.0,1.29,Africa
Angola,2012,1215.0,98.0,8.07,Africa
Angola,2011,1810.0,110.0,6.08,Africa
Angola,2010,1484.0,30.0,2.02,Africa
Angola,2009,2019.0,88.0,4.36,Africa
Angola,2008,10511.0,243.0,2.31,Africa
Angola,2007,18422.0,513.0,2.78,Africa
Angola,2006,67257.0,2722.0,4.05,Africa
Angola,2005,0.0,0.0,0,Africa
Angola,1996,1306.0,42.0,3.22,Africa
Angola,1995,3295.0,248.0,7.53,Africa
Angola,1994,3443.0,187.0,5.43,Africa
Angola,1992,3608.0,184.0,5.1,Africa
Angola,1991,8590.0,582.0,6.78,Africa
Angola,1990,9527.0,809.0,8.49,Africa
Angola,1989,17601.0,925.0,5.26,Africa
Angola,1988,15500.0,1542.0,9.95,Africa
Angola,1987,16222.0,1403.0,8.65,Africa
Angola,1977,726.0,31.0,4.27,Africa
Angola,1975,88.0,4.0,4.55,Africa
Angola,1974,934.0,34.0,3.64,Africa
Angola,1973,263.0,9.0,3.42,Africa
Angola,1972,268.0,24.0,8.96,Africa
Argentina,1998,12.0,0.0,0,Americas
Argentina,1997,637.0,12.0,1.88,Americas
Argentina,1996,474.0,5.0,1.05,Americas
Argentina,1995,188.0,1.0,0.53,Americas
Argentina,1994,889.0,15.0,1.69,Americas
Argentina,1993,2350.0,34.0,1.45,Americas
Armenia,1998,25.0,0.0,0,Europe
Australia,2016,1.0,0.0,0.0,Western Pacific
Australia,2014,2.0,0.0,0.0,Western Pacific
Australia,2013,3.0,0.0,0,Western Pacific
Australia,2012,5.0,0.0,0,Western Pacific
Australia,2010,3.0,0.0,0.00,Western Pacific
Australia,2007,3.0,0.0,0,Western Pacific
Australia,2006,3.0,0.0,0,Western Pacific
Australia,2005,2.0,0.0,0,Western Pacific
Australia,2004,2.0,0.0,0.00,Western Pacific
Australia,1999,4.0,0.0,0,Western Pacific
Australia,1997,2.0,0.0,0,Western Pacific
Australia,1996,2.0,0.0,0,Western Pacific
Australia,1995,5.0,0.0,0,Western Pacific
Australia,1994,3.0,0.0,0,Western Pacific
Australia,1993,5.0,0.0,0,Western Pacific
Australia,1992,3.0,0.0,0,Western Pacific
Australia,1988,1.0,0.0,0,Western Pacific
Australia,1987,1.0,0.0,0,Western Pacific
Australia,1985,2.0,0.0,0,Western Pacific
Australia,1984,1.0,0.0,0,Western Pacific
Australia,1983,4.0,0.0,0,Western Pacific
Australia,1982,1.0,0.0,0,Western Pacific
Australia,1981,2.0,0.0,0,Western Pacific
Australia,1980,2.0,0.0,0,Western Pacific
Australia,1979,1.0,0.0,0,Western Pacific
Australia,1978,1.0,0.0,0,Western Pacific
Australia,1977,2.0,0.0,0,Western Pacific
Australia,1972,40.0,0.0,0,Western Pacific
Austria,2005,1.0,0.0,0,Europe
Austria,1999,1.0,0.0,0,Europe
Austria,1996,1.0,0.0,0,Europe
Austria,1994,1.0,0.0,0,Europe
Austria,1993,1.0,0.0,0,Europe
Austria,1990,2.0,0.0,0,Europe
Azerbaijan,1994,18.0,0.0,0,Europe
Bahamas,2012,1.0,0.0,0,Americas
Bahrain,2015,8.0,0.0,0,Eastern Mediterranean
Bahrain,1979,39.0,0.0,0,Eastern Mediterranean
Bahrain,1978,906.0,2.0,0.22,Eastern Mediterranean
Bahrain,1973,37.0,0.0,0,Eastern Mediterranean
Bahrain,1972,74.0,4.0,5.41,Eastern Mediterranean
Bahrain,1965,1.0,0.0,0,Eastern Mediterranean
Bangladesh,2000,1021.0,16.0,1.57,South-East Asia
Bangladesh,1999,3440.0,63.0,1.83,South-East Asia
Bangladesh,1998,1067.0,26.0,2.44,South-East Asia
Bangladesh,1997,1959.0,95.0,4.85,South-East Asia
Bangladesh,1996,418.0,0.0,0,South-East Asia
Bangladesh,1995,2297.0,61.0,2.66,South-East Asia
Bangladesh,1994,562.0,41.0,7.3,South-East Asia
Bangladesh,1993,78.0,0.0,0,South-East Asia
Bangladesh,1992,479.0,29.0,6.05,South-East Asia
Bangladesh,1991,8.0,0.0,0,South-East Asia
Bangladesh,1990,82.0,4.0,4.88,South-East Asia
Bangladesh,1989,94.0,2.0,2.13,South-East Asia
Bangladesh,1988,571.0,43.0,7.53,South-East Asia
Bangladesh,1987,523.0,23.0,4.4,South-East Asia
Bangladesh,1979,2154.0,21.0,0.97,South-East Asia
Bangladesh,1978,5576.0,81.0,1.45,South-East Asia
Bangladesh,1977,10403.0,354.0,3.4,South-East Asia
Bangladesh,1976,957.0,62.0,6.48,South-East Asia
Bangladesh,1975,4888.0,117.0,2.39,South-East Asia
Bangladesh,1974,5614.0,173.0,3.08,South-East Asia
Bangladesh,1973,1969.0,369.0,18.74,South-East Asia
Bangladesh,1972,1059.0,201.0,18.98,South-East Asia
Bangladesh,1971,2342.0,386.0,16.48,South-East Asia
Bangladesh,1970,7419.0,1889.0,25.46,South-East Asia
Bangladesh,1969,7411.0,1556.0,21,South-East Asia
Bangladesh,1968,3156.0,614.0,19.46,South-East Asia
Bangladesh,1967,664.0,369.0,55.57,South-East Asia
Bangladesh,1966,3154.0,1234.0,39.12,South-East Asia
Bangladesh,1965,1123.0,683.0,60.82,South-East Asia
Bangladesh,1964,3333.0,2419.0,72.58,South-East Asia
Bangladesh,1963,3975.0,1248.0,31.4,South-East Asia
Bangladesh,1962,2524.0,1304.0,51.66,South-East Asia
Bangladesh,1961,2663.0,1703.0,63.95,South-East Asia
Bangladesh,1960,15618.0,6272.0,40.16,South-East Asia
Bangladesh,1959,16915.0,11056.0,65.36,South-East Asia
Bangladesh,1958,15631.0,10119.0,64.74,South-East Asia
Bangladesh,1957,8054.0,5134.0,63.74,South-East Asia
Bangladesh,1956,23699.0,15310.0,64.6,South-East Asia
Bangladesh,1955,16642.0,9802.0,58.9,South-East Asia
Bangladesh,1954,15617.0,9443.0,60.47,South-East Asia
Bangladesh,1953,27631.0,16904.0,61.18,South-East Asia
Bangladesh,1952,21154.0,12884.0,60.91,South-East Asia
Bangladesh,1951,20894.0,12372.0,59.21,South-East Asia
Bangladesh,1950,29809.0,12947.0,43.43,South-East Asia
Belarus,1995,3.0,0.0,0,Europe
Belarus,1994,3.0,0.0,0,Europe
Belgium,2005,2.0,0.0,0,Europe
Belgium,2004,1.0,0.0,0.00,Europe
Belgium,1994,1.0,0.0,0,Europe
Belgium,1993,1.0,0.0,0,Europe
Belgium,1985,1.0,0.0,0,Europe
Belgium,1984,1.0,0.0,0,Europe
Belgium,1983,1.0,0.0,0,Europe
Belgium,1980,1.0,0.0,0,Europe
Belize,1999,12.0,0.0,0,Americas
Belize,1998,28.0,1.0,3.57,Americas
Belize,1997,2.0,0.0,0,Americas
Belize,1996,26.0,0.0,0,Americas
Belize,1995,19.0,1.0,5.26,Americas
Belize,1994,6.0,1.0,16.67,Americas
Belize,1993,135.0,3.0,2.22,Americas
Belize,1992,159.0,4.0,2.52,Americas
Benin,2016,761.0,13.0,1.7,Africa
Benin,2014,832.0,12.0,1.4,Africa
Benin,2013,528.0,6.0,1.14,Africa
Benin,2012,625.0,3.0,0.48,Africa
Benin,2011,755.0,4.0,0.53,Africa
Benin,2010,983.0,8.0,0.81,Africa
Benin,2009,74.0,1.0,1.35,Africa
Benin,2008,985.0,5.0,0.51,Africa
Benin,2006,91.0,1.0,1.1,Africa
Benin,2005,749.0,11.0,1.47,Africa
Benin,2004,642.0,9.0,1.4,Africa
Benin,2003,434.0,11.0,2.53,Africa
Benin,2002,270.0,13.0,4.81,Africa
Benin,2001,3943.0,71.0,1.8,Africa
Benin,2000,468.0,11.0,2.35,Africa
Benin,1999,855.0,25.0,2.92,Africa
Benin,1998,206.0,1.0,0.49,Africa
Benin,1997,796.0,16.0,2.01,Africa
Benin,1996,6190.0,203.0,3.28,Africa
Benin,1995,203.0,12.0,5.91,Africa
Benin,1994,187.0,20.0,10.7,Africa
Benin,1993,10.0,2.0,20,Africa
Benin,1992,413.0,17.0,4.12,Africa
Benin,1991,7474.0,259.0,3.47,Africa
Benin,1986,243.0,13.0,5.35,Africa
Benin,1984,1.0,0.0,0,Africa
Benin,1983,1.0,0.0,0,Africa
Benin,1982,3.0,0.0,0,Africa
Benin,1981,2.0,0.0,0,Africa
Benin,1980,3.0,0.0,0,Africa
Benin,1978,27.0,0.0,0,Africa
Benin,1977,2.0,0.0,0,Africa
Benin,1976,146.0,14.0,9.59,Africa
Benin,1975,45.0,1.0,2.22,Africa
Benin,1974,73.0,4.0,5.48,Africa
Benin,1973,3.0,2.0,66.67,Africa
Benin,1972,250.0,29.0,11.6,Africa
Benin,1971,2133.0,274.0,12.85,Africa
Benin,1970,175.0,37.0,21.14,Africa
Bhutan,1998,19.0,0.0,0,South-East Asia
Bhutan,1995,25.0,0.0,0,South-East Asia
Bhutan,1992,494.0,6.0,1.21,South-East Asia
Bhutan,1991,422.0,19.0,4.5,South-East Asia
Bolivia (Plurinational State of),1998,466.0,7.0,1.5,Americas
Bolivia (Plurinational State of),1997,1632.0,18.0,1.1,Americas
Bolivia (Plurinational State of),1996,2847.0,68.0,2.39,Americas
Bolivia (Plurinational State of),1995,2293.0,54.0,2.36,Americas
Bolivia (Plurinational State of),1994,2710.0,46.0,1.7,Americas
Bolivia (Plurinational State of),1993,10134.0,254.0,2.51,Americas
Bolivia (Plurinational State of),1992,22260.0,395.0,1.77,Americas
Bolivia (Plurinational State of),1991,206.0,12.0,5.83,Americas
Botswana,2009,15.0,2.0,13.33,Africa
Botswana,2008,8.0,1.0,12.5,Africa
Botswana,2006,0.0,0.0,0,Africa
Botswana,2005,0.0,0.0,0,Africa
Brazil,2005,5.0,0.0,0,Americas
Brazil,2004,21.0,0.0,0.00,Americas
Brazil,2001,7.0,0.0,0,Americas
Brazil,2000,715.0,17.0,2.38,Americas
Brazil,1999,4495.0,83.0,1.85,Americas
Brazil,1998,2571.0,27.0,1.05,Americas
Brazil,1997,2881.0,37.0,1.28,Americas
Brazil,1996,5522.0,33.0,0.6,Americas
Brazil,1995,15915.0,85.0,0.53,Americas
Brazil,1994,49455.0,452.0,0.91,Americas
Brazil,1993,59212.0,644.0,1.09,Americas
Brazil,1992,30317.0,363.0,1.2,Americas
Brazil,1991,2103.0,33.0,1.57,Americas
Brunei Darussalam,1999,93.0,0.0,0,Western Pacific
Brunei Darussalam,1982,6.0,0.0,0,Western Pacific
Brunei Darussalam,1970,24.0,0.0,0,Western Pacific
Brunei Darussalam,1965,198.0,6.0,3.03,Western Pacific
Brunei Darussalam,1955,1.0,0.0,0,Western Pacific
Burkina Faso,2012,143.0,7.0,4.9,Africa
Burkina Faso,2011,20.0,2.0,10,Africa
Burkina Faso,2008,0.0,0.0,0,Africa
Burkina Faso,2006,0.0,0.0,0,Africa
Burkina Faso,2005,1050.0,16.0,1.52,Africa
Burkina Faso,2001,477.0,7.0,1.47,Africa
Burkina Faso,2000,617.0,14.0,2.27,Africa
Burkina Faso,1999,93.0,7.0,7.53,Africa
Burkina Faso,1998,1036.0,52.0,5.02,Africa
Burkina Faso,1996,425.0,58.0,13.65,Africa
Burkina Faso,1995,1451.0,113.0,7.79,Africa
Burkina Faso,1991,537.0,61.0,11.36,Africa
Burkina Faso,1985,1149.0,156.0,13.58,Africa
Burkina Faso,1984,2191.0,117.0,5.34,Africa
Burkina Faso,1978,1.0,0.0,0,Africa
Burkina Faso,1975,3.0,3.0,100,Africa
Burkina Faso,1974,632.0,66.0,10.44,Africa
Burkina Faso,1973,1118.0,249.0,22.27,Africa
Burkina Faso,1972,1.0,0.0,0,Africa
Burkina Faso,1971,1761.0,495.0,28.11,Africa
Burkina Faso,1970,1.0,1.0,100,Africa
Burundi,2016,434.0,5.0,1.2,Africa
Burundi,2015,442.0,0.0,0,Africa
Burundi,2014,582.0,9.0,1.5,Africa
Burundi,2013,1557.0,17.0,1.09,Africa
Burundi,2012,214.0,1.0,0.47,Africa
Burundi,2011,1072.0,1.0,0.09,Africa
Burundi,2010,333.0,1.0,0.30,Africa
Burundi,2009,355.0,0.0,0,Africa
Burundi,2008,234.0,4.0,1.71,Africa
Burundi,2007,365.0,2.0,0.55,Africa
Burundi,2006,886.0,7.0,0.79,Africa
Burundi,2005,1309.0,18.0,1.38,Africa
Burundi,2004,819.0,14.0,1.71,Africa
Burundi,2003,432.0,18.0,4.17,Africa
Burundi,2002,577.0,8.0,1.39,Africa
Burundi,2001,1003.0,20.0,1.99,Africa
Burundi,2000,1021.0,16.0,1.57,Africa
Burundi,1999,3440.0,63.0,1.83,Africa
Burundi,1998,1067.0,26.0,2.44,Africa
Burundi,1997,1959.0,95.0,4.85,Africa
Burundi,1994,562.0,41.0,7.3,Africa
Burundi,1993,78.0,0.0,0,Africa
Burundi,1992,479.0,29.0,6.05,Africa
Burundi,1985,259.0,15.0,5.79,Africa
Burundi,1984,180.0,10.0,5.56,Africa
Burundi,1983,512.0,35.0,6.84,Africa
Burundi,1982,415.0,9.0,2.17,Africa
Burundi,1981,582.0,11.0,1.89,Africa
Burundi,1980,2039.0,28.0,1.37,Africa
Burundi,1979,915.0,31.0,3.39,Africa
Burundi,1978,8297.0,248.0,2.99,Africa
Cabo Verde,2006,0.0,0.0,0,Africa
Cabo Verde,2005,0.0,0.0,0,Africa
Cabo Verde,1998,133.0,1.0,0.75,Africa
Cabo Verde,1996,428.0,3.0,0.7,Africa
Cabo Verde,1995,12913.0,240.0,1.86,Africa
Cabo Verde,1994,128.0,12.0,9.38,Africa
Cabo Verde,1976,219.0,17.0,7.76,Africa
Cabo Verde,1975,20.0,3.0,15,Africa
Cabo Verde,1974,303.0,8.0,2.64,Africa
Cambodia,2010,588.0,1.0,0.17,Western Pacific
Cambodia,2009,39.0,0.0,0,Western Pacific
Cambodia,2004,57.0,1.0,1.75,Western Pacific
Cambodia,1999,1711.0,130.0,7.6,Western Pacific
Cambodia,1998,1197.0,66.0,5.51,Western Pacific
Cambodia,1997,155.0,0.0,0,Western Pacific
Cambodia,1996,740.0,20.0,2.7,Western Pacific
Cambodia,1995,4190.0,123.0,2.94,Western Pacific
Cambodia,1994,3085.0,211.0,6.84,Western Pacific
Cambodia,1993,2252.0,104.0,4.62,Western Pacific
Cambodia,1992,1229.0,120.0,9.76,Western Pacific
Cambodia,1991,770.0,97.0,12.6,Western Pacific
Cambodia,1990,5.0,0.0,0,Western Pacific
Cambodia,1989,47.0,2.0,4.26,Western Pacific
Cambodia,1988,56.0,0.0,0,Western Pacific
Cambodia,1987,474.0,55.0,11.6,Western Pacific
Cambodia,1975,66.0,0.0,0,Western Pacific
Cambodia,1974,145.0,1.0,0.69,Western Pacific
Cambodia,1973,159.0,14.0,8.81,Western Pacific
Cambodia,1968,8.0,1.0,12.5,Western Pacific
Cambodia,1967,4.0,0.0,0,Western Pacific
Cambodia,1966,62.0,5.0,8.06,Western Pacific
Cambodia,1964,187.0,27.0,14.44,Western Pacific
Cambodia,1963,52.0,13.0,25,Western Pacific
Cambodia,1958,3.0,0.0,0,Western Pacific
Cambodia,1957,6.0,1.0,16.67,Western Pacific
Cambodia,1956,1.0,1.0,100,Western Pacific
Cambodia,1954,2.0,2.0,100,Western Pacific
Cambodia,1953,11.0,8.0,72.73,Western Pacific
Cambodia,1952,24.0,10.0,41.67,Western Pacific
Cambodia,1951,57.0,40.0,70.18,Western Pacific
Cambodia,1950,10.0,1.0,10,Western Pacific
Cameroon,2015,124.0,6.0,4.8,Africa
Cameroon,2014,3355.0,184.0,5.5,Africa
Cameroon,2013,29.0,0.0,0,Africa
Cameroon,2012,363.0,5.0,1.38,Africa
Cameroon,2011,22433.0,783.0,3.49,Africa
Cameroon,2010,10759.0,657.0,6.10,Africa
Cameroon,2009,804.0,89.0,11.07,Africa
Cameroon,2008,0.0,0.0,0,Africa
Cameroon,2007,10.0,1.0,10,Africa
Cameroon,2006,922.0,35.0,3.8,Africa
Cameroon,2005,2847.0,110.0,3.86,Africa
Cameroon,2004,8005.0,137.0,1.71,Africa
Cameroon,2003,207.0,36.0,17.39,Africa
Cameroon,2002,66.0,8.0,12.12,Africa
Cameroon,2001,259.0,7.0,2.7,Africa
Cameroon,2000,123.0,29.0,23.58,Africa
Cameroon,1999,1584.0,35.0,2.21,Africa
Cameroon,1998,4603.0,316.0,6.87,Africa
Cameroon,1997,1709.0,180.0,10.53,Africa
Cameroon,1996,5796.0,485.0,8.37,Africa
Cameroon,1995,615.0,21.0,3.41,Africa
Cameroon,1994,527.0,61.0,11.58,Africa
Cameroon,1993,648.0,19.0,2.93,Africa
Cameroon,1992,1268.0,66.0,5.21,Africa
Cameroon,1991,4026.0,491.0,12.2,Africa
Cameroon,1990,16.0,0.0,0,Africa
Cameroon,1989,4.0,2.0,50,Africa
Cameroon,1988,4.0,0.0,0,Africa
Cameroon,1987,94.0,6.0,6.38,Africa
Cameroon,1986,165.0,12.0,7.27,Africa
Cameroon,1985,1158.0,103.0,8.89,Africa
Cameroon,1984,392.0,60.0,15.31,Africa
Cameroon,1983,55.0,18.0,32.73,Africa
Cameroon,1982,5.0,3.0,60,Africa
Cameroon,1981,243.0,17.0,7,Africa
Cameroon,1980,229.0,23.0,10.04,Africa
Cameroon,1979,16.0,4.0,25,Africa
Cameroon,1978,3.0,0.0,0,Africa
Cameroon,1976,135.0,27.0,20,Africa
Cameroon,1975,3.0,0.0,0,Africa
Cameroon,1974,83.0,16.0,19.28,Africa
Cameroon,1973,206.0,16.0,7.77,Africa
Cameroon,1972,362.0,27.0,7.46,Africa
Cameroon,1971,2167.0,336.0,15.51,Africa
Canada,2016,1.0,0.0,0.0,Americas
Canada,2015,3.0,0.0,0,Americas
Canada,2014,2.0,0.0,0.0,Americas
Canada,2013,1.0,0.0,0,Americas
Canada,2010,2.0,0.0,0.00,Americas
Canada,2009,2.0,0.0,0,Americas
Canada,2008,1.0,0.0,0,Americas
Canada,2007,1.0,0.0,0,Americas
Canada,2006,2.0,0.0,0,Americas
Canada,2005,7.0,0.0,0,Americas
Canada,2004,3.0,0.0,0.00,Americas
Canada,2002,4.0,0.0,0,Americas
Canada,2000,5.0,0.0,0,Americas
Canada,1998,2.0,0.0,0,Americas
Canada,1996,2.0,0.0,0,Americas
Canada,1995,7.0,0.0,0,Americas
Canada,1994,2.0,0.0,0,Americas
Canada,1993,6.0,1.0,16.67,Americas
Canada,1992,5.0,0.0,0,Americas
Canada,1991,2.0,0.0,0,Americas
Canada,1989,1.0,0.0,0,Americas
Central African Republic,2012,21.0,0.0,0,Africa
Central African Republic,2011,117.0,15.0,12.82,Africa
Central African Republic,2006,0.0,0.0,0,Africa
Central African Republic,2005,0.0,0.0,0,Africa
Central African Republic,2004,320.0,48.0,15,Africa
Central African Republic,1998,22.0,3.0,13.64,Africa
Central African Republic,1997,443.0,75.0,16.93,Africa
Chad,2011,17267.0,458.0,2.65,Africa
Chad,2010,6395.0,175.0,2.74,Africa
Chad,2009,67.0,6.0,8.96,Africa
Chad,2007,0.0,0.0,0,Africa
Chad,2006,1668.0,71.0,4.26,Africa
Chad,2005,90.0,14.0,15.56,Africa
Chad,2004,5531.0,272.0,4.92,Africa
Chad,2003,55.0,7.0,12.73,Africa
Chad,2001,5244.0,226.0,4.31,Africa
Chad,1999,217.0,18.0,8.29,Africa
Chad,1998,4095.0,144.0,3.52,Africa
Chad,1997,8801.0,443.0,5.03,Africa
Chad,1996,7830.0,448.0,5.72,Africa
Chad,1994,1094.0,43.0,3.93,Africa
Chad,1991,13915.0,1344.0,9.66,Africa
Chad,1974,338.0,87.0,25.74,Africa
Chad,1972,9.0,3.0,33.33,Africa
Chad,1971,8230.0,2411.0,29.3,Africa
Chile,2014,1.0,0.0,0.0,Americas
Chile,2013,2.0,0.0,0,Americas
Chile,1998,24.0,2.0,8.33,Americas
Chile,1997,4.0,0.0,0,Americas
Chile,1996,1.0,0.0,0,Americas
Chile,1994,1.0,0.0,0,Americas
Chile,1993,32.0,0.0,0,Americas
Chile,1992,73.0,1.0,1.37,Americas
Chile,1991,41.0,2.0,4.88,Americas
China,2016,27.0,0.0,0,Western Pacific
China,2015,13.0,0.0,0,Western Pacific
China,2014,24.0,0.0,0.0,Western Pacific
China,2013,53.0,1.0,1.89,Western Pacific
China,2012,77.0,0.0,0,Western Pacific
China,2010,157.0,0.0,0.00,Western Pacific
China,2009,85.0,0.0,0,Western Pacific
China,2008,174.0,0.0,0,Western Pacific
China,2007,168.0,0.0,0,Western Pacific
China,2006,161.0,2.0,1.24,Western Pacific
China,2005,980.0,4.0,0.41,Western Pacific
China,2004,244.0,1.0,0.41,Western Pacific
China,2003,223.0,1.0,0.45,Western Pacific
China,2001,140.0,0.0,0,Western Pacific
China,2000,1846.0,3.0,0.16,Western Pacific
China,1999,4589.0,0.0,0,Western Pacific
China,1998,4642.0,0.0,0,Western Pacific
China,1997,1177.0,29.0,2.46,Western Pacific
China,1996,316.0,4.0,1.27,Western Pacific
China,1995,10337.0,88.0,0.85,Western Pacific
China,1994,34877.0,319.0,0.91,Western Pacific
China,1993,11673.0,94.0,0.81,Western Pacific
China,1992,583.0,1.0,0.17,Western Pacific
China,1991,210.0,0.0,0,Western Pacific
China,1990,644.0,5.0,0.78,Western Pacific
China,1989,5628.0,59.0,1.05,Western Pacific
China,1988,7267.0,89.0,1.22,Western Pacific
China,1987,4.0,0.0,0,Western Pacific
China,1980,88.0,0.0,0,Western Pacific
China,1979,85.0,2.0,2.35,Western Pacific
China,1967,1.0,0.0,0,Western Pacific
China,1963,1.0,0.0,0,Western Pacific
China,1962,384.0,24.0,6.25,Western Pacific
China,1949,1.0,1.0,100,Western Pacific
Colombia,2004,2.0,0.0,0,Americas
Colombia,1999,42.0,0.0,0,Americas
Colombia,1998,442.0,7.0,1.58,Americas
Colombia,1997,1508.0,32.0,2.12,Americas
Colombia,1996,4428.0,70.0,1.58,Americas
Colombia,1995,1922.0,35.0,1.82,Americas
Colombia,1994,996.0,14.0,1.41,Americas
Colombia,1993,230.0,0.0,0,Americas
Colombia,1992,15129.0,158.0,1.04,Americas
Colombia,1991,11979.0,207.0,1.73,Americas
Comoros,2008,4.0,0.0,0,Africa
Comoros,2007,1555.0,29.0,1.86,Africa
Comoros,2006,0.0,0.0,0,Africa
Comoros,2005,0.0,0.0,0,Africa
Comoros,2004,1.0,0.0,0.00,Africa
Comoros,2003,56.0,0.0,0,Africa
Comoros,2002,1567.0,46.0,2.94,Africa
Comoros,2001,226.0,4.0,1.77,Africa
Comoros,2000,3297.0,91.0,2.76,Africa
Comoros,1999,1180.0,42.0,3.56,Africa
Comoros,1998,7300.0,68.0,0.93,Africa
Comoros,1976,5.0,1.0,20,Africa
Comoros,1975,2675.0,238.0,8.9,Africa
Congo,2016,15.0,2.0,13.3,Americas
Congo,2013,1624.0,221.0,13.61,Americas
Congo,2012,1181.0,37.0,3.13,Americas
Congo,2009,93.0,0.0,0,Americas
Congo,2008,156.0,4.0,2.56,Americas
Congo,2007,7785.0,133.0,1.71,Americas
Congo,2006,175.0,10.0,5.71,Americas
Congo,2005,0.0,0.0,0,Americas
Congo,2000,9.0,2.0,22.22,Americas
Congo,1999,4813.0,20.0,0.42,Americas
Congo,1998,3222.0,22.0,0.68,Americas
Congo,1997,275.0,60.0,21.82,Americas
Congo,1979,5.0,0.0,0,Americas
Congo,1978,51.0,14.0,27.45,Americas
Costa Rica,1997,1.0,0.0,0,Americas
Costa Rica,1996,19.0,1.0,5.26,Americas
Costa Rica,1995,24.0,0.0,0,Americas
Costa Rica,1994,38.0,0.0,0,Americas
Costa Rica,1993,14.0,0.0,0,Americas
Costa Rica,1992,12.0,0.0,0,Americas
Côte d'Ivoire,2015,199.0,6.0,3,Africa
Côte d'Ivoire,2014,235.0,12.0,5.1,Africa
Côte d'Ivoire,2013,56.0,2.0,3.57,Africa
Côte d'Ivoire,2012,424.0,19.0,4.48,Africa
Côte d'Ivoire,2011,1261.0,24.0,1.9,Africa
Côte d'Ivoire,2010,32.0,0.0,0.00,Africa
Côte d'Ivoire,2009,5.0,2.0,40,Africa
Côte d'Ivoire,2008,7.0,1.0,14.29,Africa
Côte d'Ivoire,2007,8.0,1.0,12.5,Africa
Côte d'Ivoire,2006,414.0,15.0,3.62,Africa
Côte d'Ivoire,2005,39.0,6.0,0,Africa
Côte d'Ivoire,2004,105.0,9.0,8.57,Africa
Côte d'Ivoire,2003,1034.0,50.0,4.84,Africa
Côte d'Ivoire,2002,4188.0,143.0,3.41,Africa
Côte d'Ivoire,2001,5912.0,305.0,5.16,Africa
Côte d'Ivoire,1996,1345.0,22.0,1.64,Africa
Côte d'Ivoire,1995,4993.0,184.0,3.69,Africa
Côte d'Ivoire,1994,1108.0,55.0,4.96,Africa
Côte d'Ivoire,1993,724.0,42.0,5.8,Africa
Côte d'Ivoire,1992,37.0,7.0,18.92,Africa
Côte d'Ivoire,1991,604.0,116.0,19.21,Africa
Côte d'Ivoire,1982,34.0,0.0,0,Africa
Côte d'Ivoire,1979,3.0,0.0,0,Africa
Côte d'Ivoire,1971,668.0,9.0,1.35,Africa
Côte d'Ivoire,1970,868.0,39.0,4.49,Africa
Cuba,2015,65.0,0.0,0,Americas
Cuba,2014,76.0,0.0,0.0,Americas
Cuba,2013,181.0,0.0,0,Americas
Cuba,2012,417.0,3.0,0.72,Americas
Czechia,1970,4.0,1.0,25,Europe
Democratic People's Republic of Korea,1980,170.0,0.0,0,Western Pacific
Democratic Republic of the Congo,2016,28093.0,759.0,2.7,Africa
Democratic Republic of the Congo,2015,19182.0,276.0,1.4,Africa
Democratic Republic of the Congo,2014,22203.0,372.0,1.7,Africa
Democratic Republic of the Congo,2013,26944.0,491.0,1.82,Africa
Democratic Republic of the Congo,2012,33661.0,819.0,2.43,Africa
Democratic Republic of the Congo,2011,21700.0,584.0,2.69,Africa
Democratic Republic of the Congo,2010,13884.0,182.0,1.31,Africa
Democratic Republic of the Congo,2009,22899.0,237.0,1.03,Africa
Democratic Republic of the Congo,2008,30150.0,548.0,1.82,Africa
Democratic Republic of the Congo,2007,28269.0,600.0,2.12,Africa
Democratic Republic of the Congo,2006,20642.0,426.0,2.06,Africa
Democratic Republic of the Congo,2005,13430.0,244.0,0,Africa
Democratic Republic of the Congo,2004,7665.0,228.0,2.97,Africa
Democratic Republic of the Congo,2003,27272.0,989.0,3.63,Africa
Democratic Republic of the Congo,2002,31658.0,1979.0,6.25,Africa
Democratic Republic of the Congo,2001,5728.0,390.0,6.81,Africa
Democratic Republic of the Congo,2000,14995.0,941.0,6.28,Africa
Democratic Republic of the Congo,1999,12711.0,783.0,6.16,Africa
Democratic Republic of the Congo,1998,34899.0,2926.0,8.38,Africa
Democratic Republic of the Congo,1997,2421.0,326.0,13.47,Africa
Democratic Republic of the Congo,1996,7886.0,638.0,8.09,Africa
Democratic Republic of the Congo,1995,553.0,22.0,3.98,Africa
Democratic Republic of the Congo,1994,58057.0,4181.0,7.2,Africa
Democratic Republic of the Congo,1993,986.0,175.0,17.75,Africa
Democratic Republic of the Congo,1992,1949.0,59.0,3.03,Africa
Democratic Republic of the Congo,1991,4066.0,294.0,7.23,Africa
Democratic Republic of the Congo,1990,468.0,61.0,13.03,Africa
Democratic Republic of the Congo,1989,99.0,6.0,6.06,Africa
Democratic Republic of the Congo,1988,295.0,32.0,10.85,Africa
Democratic Republic of the Congo,1987,1150.0,218.0,18.96,Africa
Democratic Republic of the Congo,1986,1059.0,125.0,11.8,Africa
Democratic Republic of the Congo,1985,740.0,30.0,4.05,Africa
Democratic Republic of the Congo,1984,162.0,3.0,1.85,Africa
Democratic Republic of the Congo,1983,2977.0,245.0,8.23,Africa
Democratic Republic of the Congo,1982,10328.0,693.0,6.71,Africa
Democratic Republic of the Congo,1981,2379.0,800.0,33.63,Africa
Democratic Republic of the Congo,1980,1051.0,81.0,7.71,Africa
Democratic Republic of the Congo,1979,5515.0,511.0,9.27,Africa
Democratic Republic of the Congo,1978,3481.0,183.0,5.26,Africa
Denmark,2016,1.0,0.0,0.0,Europe
Denmark,2008,1.0,0.0,0,Europe
Denmark,2004,1.0,0.0,0.00,Europe
Denmark,1995,3.0,0.0,0,Europe
Denmark,1994,2.0,0.0,0,Europe
Denmark,1993,2.0,0.0,0,Europe
Denmark,1990,1.0,0.0,0,Europe
Djibouti,2011,127.0,1.0,0.79,Eastern Mediterranean
Djibouti,2010,2047.0,19.0,0.93,Eastern Mediterranean
Djibouti,2007,1087.0,27.0,2.48,Eastern Mediterranean
Djibouti,2000,1828.0,32.0,1.75,Eastern Mediterranean
Djibouti,1998,164.0,3.0,1.83,Eastern Mediterranean
Djibouti,1997,2424.0,50.0,2.06,Eastern Mediterranean
Djibouti,1994,1122.0,15.0,1.34,Eastern Mediterranean
Djibouti,1993,10055.0,99.0,0.98,Eastern Mediterranean
Djibouti,1985,115.0,7.0,6.09,Eastern Mediterranean
Djibouti,1978,3.0,2.0,66.67,Eastern Mediterranean
Djibouti,1977,2.0,0.0,0,Eastern Mediterranean
Djibouti,1976,2.0,0.0,0,Eastern Mediterranean
Djibouti,1972,8.0,3.0,37.5,Eastern Mediterranean
Djibouti,1971,440.0,81.0,18.41,Eastern Mediterranean
Djibouti,1970,6.0,3.0,50,Eastern Mediterranean
Dominican Republic,2016,1159.0,27.0,2.3,Americas
Dominican Republic,2015,546.0,15.0,2.7,Americas
Dominican Republic,2014,603.0,11.0,1.8,Americas
Dominican Republic,2013,1954.0,42.0,2.15,Americas
Dominican Republic,2012,7919.0,68.0,0.86,Americas
Dominican Republic,2010,191.0,0.0,0.00,Americas
Ecuador,2004,5.0,0.0,0.00,Americas
Ecuador,2001,9.0,0.0,0,Americas
Ecuador,2000,27.0,1.0,3.7,Americas
Ecuador,1999,90.0,0.0,0,Americas
Ecuador,1998,3724.0,37.0,0.99,Americas
Ecuador,1997,65.0,3.0,4.62,Americas
Ecuador,1996,1059.0,12.0,1.13,Americas
Ecuador,1995,2160.0,23.0,1.06,Americas
Ecuador,1994,1785.0,16.0,0.9,Americas
Ecuador,1993,6833.0,72.0,1.05,Americas
Ecuador,1992,31870.0,208.0,0.65,Americas
Ecuador,1991,46320.0,697.0,1.5,Americas
El Salvador,2000,631.0,2.0,0.32,Americas
El Salvador,1999,134.0,0.0,0,Americas
El Salvador,1998,8.0,0.0,0,Americas
El Salvador,1996,182.0,2.0,1.1,Americas
El Salvador,1995,2923.0,2.0,0.07,Americas
El Salvador,1994,11745.0,38.0,0.32,Americas
El Salvador,1993,6573.0,14.0,0.21,Americas
El Salvador,1992,8717.0,45.0,0.52,Americas
El Salvador,1991,947.0,34.0,3.59,Americas
Equatorial Guinea,2006,0.0,0.0,0,Africa
Equatorial Guinea,2005,6391.0,33.0,0.52,Africa
Equatorial Guinea,2004,59.0,1.0,1.69,Africa
Equatorial Guinea,1985,108.0,1.0,0.93,Africa
Equatorial Guinea,1984,404.0,31.0,7.67,Africa
Eritrea,2008,1.0,0.0,0,Africa
Eritrea,2007,119.0,9.0,7.56,Africa
Eritrea,2006,0.0,0.0,0,Africa
Eritrea,2005,0.0,0.0,0,Africa
Estonia,1993,2.0,0.0,0,Europe
Eswatini,2009,19.0,0.0,0.00,Africa
Eswatini,2008,1.0,0.0,0,Africa
Eswatini,2007,0.0,0.0,0,Africa
Eswatini,2006,18.0,0.0,0,Africa
Eswatini,2005,0.0,0.0,0,Africa
Eswatini,2004,1075.0,16.0,1.49,Africa
Eswatini,2003,32.0,13.0,40.63,Africa
Eswatini,2002,134.0,2.0,1.49,Africa
Eswatini,2001,5612.0,107.0,1.91,Africa
Eswatini,2000,141.0,16.0,11.35,Africa
Eswatini,1999,7.0,0.0,0,Africa
Eswatini,1998,7.0,0.0,0,Africa
Eswatini,1996,2.0,0.0,0,Africa
Eswatini,1992,2281.0,30.0,1.32,Africa
Eswatini,1982,538.0,13.0,2.42,Africa
Eswatini,1981,238.0,17.0,7.14,Africa
Ethiopia,2010,1682.0,21.0,1.25,Africa
Ethiopia,2009,31509.0,434.0,1.38,Africa
Ethiopia,2008,3862.0,23.0,0.6,Africa
Ethiopia,2007,24121.0,272.0,1.13,Africa
Ethiopia,2006,54070.0,575.0,1.06,Africa
Ethiopia,2005,0.0,0.0,0,Africa
Ethiopia,2004,16.0,0.0,0,Africa
Ethiopia,1982,0.0,0.0,0,Africa
Ethiopia,1971,2187.0,124.0,5.67,Africa
Ethiopia,1970,850.0,72.0,8.47,Africa
Finland,2008,1.0,0.0,0,Europe
Finland,2005,1.0,0.0,0,Europe
Finland,1995,1.0,0.0,0,Europe
France,2015,1.0,0.0,0,Europe
France,2014,1.0,0.0,0.0,Europe
France,2009,1.0,0.0,0,Europe
France,2008,2.0,0.0,0,Europe
France,2007,4.0,0.0,0,Europe
France,2006,2.0,0.0,0,Europe
France,2000,5.0,0.0,0,Europe
France,1998,2.0,0.0,0,Europe
France,1997,3.0,0.0,0,Europe
France,1996,8.0,0.0,0,Europe
France,1995,6.0,0.0,0,Europe
France,1994,4.0,0.0,0,Europe
France,1993,5.0,0.0,0,Europe
France,1991,7.0,0.0,0,Europe
France,1990,6.0,1.0,16.67,Europe
France,1987,7.0,0.0,0,Europe
France,1986,37.0,0.0,0,Europe
France,1984,1.0,0.0,0,Europe
France,1983,3.0,0.0,0,Europe
France,1982,18.0,0.0,0,Europe
France,1980,1.0,0.0,0,Europe
France,1979,8.0,0.0,0,Europe
France,1976,5.0,0.0,0,Europe
France,1975,9.0,0.0,0,Europe
France,1974,5.0,0.0,0,Europe
France,1973,4.0,0.0,0,Europe
France,1971,3.0,0.0,0,Europe
France,1970,1.0,0.0,0,Europe
Gabon,2008,2.0,0.0,0,Africa
Gabon,2006,0.0,0.0,0,Africa
Gabon,2005,0.0,0.0,0,Africa
Gabon,2003,629.0,0.0,0,Africa
Gabon,1981,7.0,0.0,0,Africa
Gabon,1979,5.0,2.0,40,Africa
Gambia,2008,1.0,0.0,0,Africa
Gambia,2007,12.0,1.0,8.33,Africa
Gambia,2006,0.0,0.0,0,Africa
Gambia,2005,214.0,13.0,6.07,Africa
Gambia,1996,7.0,0.0,0,Africa
Gambia,1995,15.0,0.0,0,Africa
Gambia,1994,1.0,0.0,0,Africa
Gambia,1985,2.0,0.0,0,Africa
Georgia,1993,8.0,0.0,0,Europe
Germany,2014,1.0,0.0,0.0,Europe
Germany,2010,4.0,1.0,25.00,Europe
Germany,2007,2.0,0.0,0,Europe
Germany,2006,1.0,0.0,0,Europe
Germany,2004,3.0,0.0,0.00,Europe
Germany,1999,3.0,0.0,0,Europe
Germany,1997,2.0,0.0,0,Europe
Germany,1995,1.0,0.0,0,Europe
Germany,1994,5.0,0.0,0,Europe
Germany,1993,1.0,0.0,0,Europe
Germany,1992,1.0,0.0,0,Europe
Germany,1990,1.0,0.0,0,Europe
Germany,1989,1.0,0.0,0,Europe
Germany,1988,2.0,0.0,0,Europe
Germany,1986,2.0,0.0,0,Europe
Germany,1982,1.0,0.0,0,Europe
Germany,1981,4.0,0.0,0,Europe
Germany,1980,4.0,0.0,0,Europe
Germany,1977,1.0,0.0,0,Europe
Germany,1976,2.0,0.0,0,Europe
Germany,1974,3.0,0.0,0,Europe
Germany,1973,6.0,0.0,0,Europe
Germany,1972,2.0,0.0,0,Europe
Germany,1971,1.0,0.0,0,Europe
Ghana,2016,175.0,0.0,0.0,Africa
Ghana,2015,692.0,8.0,1.2,Africa
Ghana,2014,28944.0,243.0,0.8,Africa
Ghana,2013,50.0,0.0,0,Africa
Ghana,2012,9548.0,100.0,1.05,Africa
Ghana,2011,10628.0,105.0,0.99,Africa
Ghana,2010,438.0,3.0,0.68,Africa
Ghana,2009,1294.0,9.0,0.7,Africa
Ghana,2008,1223.0,25.0,2.04,Africa
Ghana,2007,179.0,18.0,10.06,Africa
Ghana,2006,3357.0,107.0,3.19,Africa
Ghana,2005,3166.0,51.0,1.61,Africa
Ghana,2004,407.0,6.0,1.47,Africa
Ghana,2003,204.0,4.0,1.96,Africa
Ghana,2002,3614.0,65.0,1.8,Africa
Ghana,2001,5487.0,160.0,2.92,Africa
Ghana,2000,3331.0,74.0,2.22,Africa
Ghana,1999,9432.0,260.0,2.76,Africa
Ghana,1998,3426.0,108.0,3.15,Africa
Ghana,1997,379.0,12.0,3.17,Africa
Ghana,1996,1665.0,70.0,4.2,Africa
Ghana,1995,4698.0,93.0,1.98,Africa
Ghana,1994,2267.0,54.0,2.38,Africa
Ghana,1993,1448.0,38.0,2.62,Africa
Ghana,1992,228.0,23.0,10.09,Africa
Ghana,1991,13172.0,409.0,3.11,Africa
Ghana,1990,2937.0,60.0,2.04,Africa
Ghana,1985,60.0,0.0,0,Africa
Ghana,1984,1015.0,92.0,9.06,Africa
Ghana,1983,14160.0,819.0,5.78,Africa
Ghana,1982,11051.0,1225.0,11.09,Africa
Ghana,1981,943.0,62.0,6.57,Africa
Ghana,1980,260.0,21.0,8.08,Africa
Ghana,1979,1783.0,113.0,6.34,Africa
Ghana,1978,1853.0,120.0,6.48,Africa
Ghana,1977,6565.0,353.0,5.38,Africa
Ghana,1976,102.0,0.0,0,Africa
Ghana,1975,187.0,10.0,5.35,Africa
Ghana,1974,483.0,37.0,7.66,Africa
Ghana,1973,677.0,39.0,5.76,Africa
Ghana,1972,625.0,32.0,5.12,Africa
Ghana,1971,13048.0,641.0,4.91,Africa
Ghana,1970,2733.0,180.0,6.59,Africa
Greece,1993,1.0,0.0,0,Europe
Greece,1986,1.0,0.0,0,Europe
Guatemala,2002,1.0,0.0,0,Americas
Guatemala,2001,13.0,0.0,0,Americas
Guatemala,2000,612.0,6.0,0.98,Americas
Guatemala,1999,2077.0,0.0,0,Americas
Guatemala,1998,5970.0,57.0,0.95,Americas
Guatemala,1997,1263.0,0.0,0,Americas
Guatemala,1996,1568.0,14.0,0.89,Americas
Guatemala,1995,7970.0,95.0,1.19,Americas
Guatemala,1994,5282.0,36.0,0.68,Americas
Guatemala,1993,30604.0,306.0,1,Americas
Guatemala,1992,15395.0,207.0,1.34,Americas
Guatemala,1991,3674.0,50.0,1.36,Americas
Guinea,2014,1.0,0.0,0,Africa
Guinea,2013,319.0,32.0,10.03,Africa
Guinea,2012,7350.0,133.0,1.81,Africa
Guinea,2011,3.0,0.0,0,Africa
Guinea,2009,42.0,0.0,0,Africa
Guinea,2008,513.0,32.0,6.24,Africa
Guinea,2007,8546.0,311.0,3.64,Africa
Guinea,2006,3242.0,219.0,6.76,Africa
Guinea,2005,3821.0,107.0,2.8,Africa
Guinea,2004,1516.0,117.0,7.72,Africa
Guinea,2003,6.0,1.0,16.67,Africa
Guinea,2002,61.0,11.0,18.03,Africa
Guinea,2001,392.0,22.0,5.61,Africa
Guinea,2000,519.0,32.0,6.17,Africa
Guinea,1999,599.0,28.0,4.67,Africa
Guinea,1998,881.0,53.0,6.02,Africa
Guinea,1996,287.0,17.0,5.92,Africa
Guinea,1995,6506.0,565.0,8.68,Africa
Guinea,1994,31415.0,671.0,2.14,Africa
Guinea,1986,286.0,58.0,20.28,Africa
Guinea,1970,2000.0,60.0,3,Africa
Guinea-Bissau,2014,11.0,2.0,18.2,Africa
Guinea-Bissau,2013,969.0,28.0,2.89,Africa
Guinea-Bissau,2012,3068.0,22.0,0.72,Africa
Guinea-Bissau,2009,5.0,0.0,0,Africa
Guinea-Bissau,2008,14323.0,225.0,1.57,Africa
Guinea-Bissau,2007,153.0,8.0,5.23,Africa
Guinea-Bissau,2006,37.0,0.0,0,Africa
Guinea-Bissau,2005,25111.0,399.0,1.59,Africa
Guinea-Bissau,2004,155.0,3.0,1.94,Africa
Guinea-Bissau,2003,290.0,2.0,0.69,Africa
Guinea-Bissau,2002,842.0,6.0,0.71,Africa
Guinea-Bissau,1998,126.0,2.0,1.59,Africa
Guinea-Bissau,1997,20555.0,905.0,4.4,Africa
Guinea-Bissau,1996,8397.0,84.0,1,Africa
Guinea-Bissau,1995,119.0,0.0,0,Africa
Guinea-Bissau,1994,15296.0,285.0,1.86,Africa
Guinea-Bissau,1987,6000.0,68.0,1.13,Africa
Guinea-Bissau,1986,200.0,50.0,25,Africa
Guyana,1993,66.0,2.0,3.03,Americas
Guyana,1992,576.0,8.0,1.39,Americas
Haiti,2016,41421.0,447.0,1.1,Americas
Haiti,2015,36045.0,322.0,0.9,Americas
Haiti,2014,27753.0,296.0,1.1,Americas
Haiti,2013,58809.0,593.0,1.01,Americas
Haiti,2012,112076.0,894.0,0.8,Americas
Haiti,2011,340311.0,2869.0,0.84,Americas
Haiti,2010,179379.0,3990.0,2.22,Americas
Honduras,2001,1.0,0.0,0,Americas
Honduras,2000,8.0,0.0,0,Americas
Honduras,1999,56.0,3.0,5.36,Americas
Honduras,1998,306.0,13.0,4.25,Americas
Honduras,1997,100.0,1.0,1,Americas
Honduras,1996,708.0,14.0,1.98,Americas
Honduras,1995,4717.0,77.0,1.63,Americas
Honduras,1994,5049.0,102.0,2.02,Americas
Honduras,1993,4013.0,102.0,2.54,Americas
Honduras,1992,407.0,17.0,4.18,Americas
Honduras,1991,17.0,0.0,0,Americas
Hungary,1997,1.0,0.0,0,Europe
India,2016,841.0,3.0,0.4,South-East Asia
India,2015,889.0,4.0,0.4,South-East Asia
India,2014,4031.0,21.0,0.5,South-East Asia
India,2013,6008.0,54.0,0.9,South-East Asia
India,2010,5155.0,9.0,0.17,South-East Asia
India,2008,2680.0,1.0,0.04,South-East Asia
India,2007,2635.0,3.0,0.11,South-East Asia
India,2006,1939.0,3.0,0.15,South-East Asia
India,2005,3155.0,6.0,0.19,South-East Asia
India,2004,4695.0,7.0,0.15,South-East Asia
India,2003,2893.0,2.0,0.07,South-East Asia
India,2002,3455.0,10.0,0.29,South-East Asia
India,2001,4081.0,6.0,0.15,South-East Asia
India,2000,4053.0,20.0,0.49,South-East Asia
India,1999,3839.0,6.0,0.16,South-East Asia
India,1998,7151.0,11.0,0.15,South-East Asia
India,1997,2768.0,16.0,0.58,South-East Asia
India,1996,4396.0,34.0,0.77,South-East Asia
India,1995,3315.0,5.0,0.15,South-East Asia
India,1994,4973.0,32.0,0.64,South-East Asia
India,1993,12084.0,51.0,0.42,South-East Asia
India,1992,6911.0,55.0,0.8,South-East Asia
India,1991,6993.0,149.0,2.13,South-East Asia
India,1990,3583.0,83.0,2.32,South-East Asia
India,1989,5640.0,93.0,1.65,South-East Asia
India,1988,17162.0,380.0,2.21,South-East Asia
India,1987,11934.0,240.0,2.01,South-East Asia
India,1986,4208.0,70.0,1.66,South-East Asia
India,1985,5808.0,155.0,2.67,South-East Asia
India,1984,2527.0,27.0,1.07,South-East Asia
India,1983,8542.0,309.0,3.62,South-East Asia
India,1982,4656.0,213.0,4.57,South-East Asia
India,1981,4681.0,150.0,3.2,South-East Asia
India,1980,8344.0,307.0,3.68,South-East Asia
India,1979,5073.0,113.0,2.23,South-East Asia
India,1978,10585.0,246.0,2.32,South-East Asia
India,1977,8376.0,289.0,3.45,South-East Asia
India,1976,14946.0,662.0,4.43,South-East Asia
India,1975,22049.0,2330.0,10.57,South-East Asia
India,1974,30903.0,2289.0,7.41,South-East Asia
India,1973,41611.0,5406.0,12.99,South-East Asia
India,1972,20435.0,2845.0,13.92,South-East Asia
India,1971,71386.0,10478.0,14.68,South-East Asia
India,1970,15067.0,3420.0,22.7,South-East Asia
India,1966,13052.0,2799.0,21.45,South-East Asia
India,1965,42677.0,12664.0,29.67,South-East Asia
India,1964,53011.0,17035.0,32.13,South-East Asia
India,1963,44839.0,16357.0,36.48,South-East Asia
India,1962,51082.0,27141.0,53.13,South-East Asia
India,1961,47637.0,26946.0,56.57,South-East Asia
India,1959,14852.0,7696.0,51.82,South-East Asia
India,1958,66849.0,49818.0,74.52,South-East Asia
India,1957,54961.0,49715.0,90.46,South-East Asia
India,1956,39829.0,17206.0,43.2,South-East Asia
India,1955,23533.0,7662.0,32.56,South-East Asia
India,1954,22146.0,19368.0,87.46,South-East Asia
India,1953,213225.0,124227.0,58.26,South-East Asia
India,1952,101493.0,58252.0,57.4,South-East Asia
India,1951,86787.0,41543.0,47.87,South-East Asia
India,1950,625.0,396.0,63.36,South-East Asia
Indonesia,2008,1007.0,27.0,2.68,South-East Asia
Indonesia,2005,1338.0,19.0,1.42,South-East Asia
Indonesia,2001,561.0,6.0,1.07,South-East Asia
Indonesia,1997,66.0,0.0,0,South-East Asia
Indonesia,1996,66.0,0.0,0,South-East Asia
Indonesia,1994,47.0,0.0,0,South-East Asia
Indonesia,1993,3564.0,25.0,0.7,South-East Asia
Indonesia,1992,25.0,0.0,0,South-East Asia
Indonesia,1991,6202.0,55.0,0.89,South-East Asia
Indonesia,1990,155.0,0.0,0,South-East Asia
Indonesia,1989,67.0,0.0,0,South-East Asia
Indonesia,1988,50.0,0.0,0,South-East Asia
Indonesia,1987,659.0,18.0,2.73,South-East Asia
Indonesia,1986,11915.0,391.0,3.28,South-East Asia
Indonesia,1985,4732.0,85.0,1.8,South-East Asia
Indonesia,1984,7921.0,59.0,0.74,South-East Asia
Indonesia,1983,13832.0,346.0,2.5,South-East Asia
Indonesia,1982,10391.0,535.0,5.15,South-East Asia
Indonesia,1981,18354.0,463.0,2.52,South-East Asia
Indonesia,1980,5541.0,150.0,2.71,South-East Asia
Indonesia,1979,18817.0,769.0,4.09,South-East Asia
Indonesia,1978,10683.0,507.0,4.75,South-East Asia
Indonesia,1977,17112.0,780.0,4.56,South-East Asia
Indonesia,1976,41264.0,2665.0,6.46,South-East Asia
Indonesia,1975,48387.0,3715.0,7.68,South-East Asia
Indonesia,1974,41474.0,3920.0,9.45,South-East Asia
Indonesia,1973,52042.0,3058.0,5.88,South-East Asia
Indonesia,1972,44383.0,6956.0,15.67,South-East Asia
Indonesia,1971,23555.0,3607.0,15.31,South-East Asia
Indonesia,1970,5997.0,1257.0,20.96,South-East Asia
Indonesia,1969,627.0,262.0,41.79,South-East Asia
Indonesia,1968,135.0,22.0,16.3,South-East Asia
Indonesia,1967,700.0,139.0,19.86,South-East Asia
Indonesia,1966,204.0,36.0,17.65,South-East Asia
Indonesia,1964,326.0,69.0,21.17,South-East Asia
Indonesia,1963,535.0,83.0,15.51,South-East Asia
Indonesia,1962,428.0,80.0,18.69,South-East Asia
Indonesia,1961,1742.0,474.0,27.21,South-East Asia
Indonesia,1960,41.0,22.0,53.66,South-East Asia
Iran (Islamic Republic of),2015,86.0,1.0,1.2,Eastern Mediterranean
Iran (Islamic Republic of),2013,256.0,7.0,2.73,Eastern Mediterranean
Iran (Islamic Republic of),2012,53.0,0.0,0,Eastern Mediterranean
Iran (Islamic Republic of),2011,1187.0,12.0,1.01,Eastern Mediterranean
Iran (Islamic Republic of),2008,72.0,4.0,5.56,Eastern Mediterranean
Iran (Islamic Republic of),2007,19.0,0.0,0,Eastern Mediterranean
Iran (Islamic Republic of),2005,1133.0,11.0,0.97,Eastern Mediterranean
Iran (Islamic Republic of),2004,94.0,1.0,1.06,Eastern Mediterranean
Iran (Islamic Republic of),2003,96.0,0.0,0,Eastern Mediterranean
Iran (Islamic Republic of),2000,345.0,3.0,0.87,Eastern Mediterranean
Iran (Islamic Republic of),1999,1369.0,21.0,1.53,Eastern Mediterranean
Iran (Islamic Republic of),1998,270.0,1.0,0.37,Eastern Mediterranean
Iran (Islamic Republic of),1997,1106.0,9.0,0.81,Eastern Mediterranean
Iran (Islamic Republic of),1995,2177.0,59.0,2.71,Eastern Mediterranean
Iran (Islamic Republic of),1994,15.0,0.0,0,Eastern Mediterranean
Iran (Islamic Republic of),1993,1347.0,5.0,0.37,Eastern Mediterranean
Iran (Islamic Republic of),1992,97.0,4.0,4.12,Eastern Mediterranean
Iran (Islamic Republic of),1991,1892.0,32.0,1.69,Eastern Mediterranean
Iran (Islamic Republic of),1990,178.0,3.0,1.69,Eastern Mediterranean
Iran (Islamic Republic of),1989,5222.0,85.0,1.63,Eastern Mediterranean
Iran (Islamic Republic of),1988,486.0,15.0,3.09,Eastern Mediterranean
Iran (Islamic Republic of),1987,295.0,4.0,1.36,Eastern Mediterranean
Iran (Islamic Republic of),1986,20.0,1.0,5,Eastern Mediterranean
Iran (Islamic Republic of),1985,1208.0,9.0,0.75,Eastern Mediterranean
Iran (Islamic Republic of),1984,531.0,5.0,0.94,Eastern Mediterranean
Iran (Islamic Republic of),1983,270.0,0.0,0,Eastern Mediterranean
Iran (Islamic Republic of),1982,427.0,0.0,0,Eastern Mediterranean
Iran (Islamic Republic of),1981,6034.0,108.0,1.79,Eastern Mediterranean
Iran (Islamic Republic of),1980,1599.0,32.0,2,Eastern Mediterranean
Iran (Islamic Republic of),1979,1856.0,56.0,3.02,Eastern Mediterranean
Iraq,2015,4965.0,2.0,0.04,Eastern Mediterranean
Iraq,2013,1.0,0.0,0,Eastern Mediterranean
Iraq,2012,4693.0,4.0,0,Eastern Mediterranean
Iraq,2010,2.0,0.0,0.00,Eastern Mediterranean
Iraq,2009,6.0,0.0,0,Eastern Mediterranean
Iraq,2008,925.0,11.0,1.19,Eastern Mediterranean
Iraq,2007,4697.0,24.0,0.51,Eastern Mediterranean
Iraq,2004,35.0,0.0,0.00,Eastern Mediterranean
Iraq,2003,187.0,0.0,0,Eastern Mediterranean
Iraq,2000,532.0,4.0,0.75,Eastern Mediterranean
Iraq,1999,1985.0,30.0,1.51,Eastern Mediterranean
Iraq,1998,53.0,1.0,1.89,Eastern Mediterranean
Iraq,1996,1.0,0.0,0,Eastern Mediterranean
Iraq,1995,820.0,3.0,0.37,Eastern Mediterranean
Iraq,1994,838.0,0.0,0,Eastern Mediterranean
Iraq,1993,280.0,0.0,0,Eastern Mediterranean
Iraq,1992,97.0,0.0,0,Eastern Mediterranean
Iraq,1991,877.0,6.0,0.68,Eastern Mediterranean
Iraq,1978,96.0,0.0,0,Eastern Mediterranean
Iraq,1977,133.0,1.0,0.75,Eastern Mediterranean
Iraq,1966,227.0,20.0,8.81,Eastern Mediterranean
Israel,2013,1.0,0.0,0,Europe
Israel,1988,1.0,0.0,0,Europe
Israel,1987,2.0,0.0,0,Europe
Israel,1982,1.0,0.0,0,Europe
Israel,1972,11.0,0.0,0,Europe
Israel,1971,1.0,0.0,0,Europe
Israel,1970,185.0,10.0,5.41,Europe
Italy,2013,1.0,0.0,0,Europe
Italy,2007,1.0,0.0,0,Europe
Italy,2006,1.0,0.0,0,Europe
Italy,1998,2.0,9.0,450,Europe
Italy,1995,1.0,0.0,0,Europe
Italy,1994,12.0,9.0,75,Europe
Italy,1979,8.0,0.0,0,Europe
Italy,1977,2.0,0.0,0,Europe
Italy,1975,1.0,0.0,0,Europe
Italy,1973,278.0,23.0,8.27,Europe
Japan,2016,10.0,0.0,0.0,Western Pacific
Japan,2014,5.0,0.0,0.0,Western Pacific
Japan,2013,8.0,0.0,0,Western Pacific
Japan,2012,3.0,0.0,0,Western Pacific
Japan,2007,0.0,0.0,0,Western Pacific
Japan,2006,34.0,0.0,0,Western Pacific
Japan,2005,43.0,0.0,0,Western Pacific
Japan,2004,66.0,0.0,0.00,Western Pacific
Japan,2003,16.0,0.0,0,Western Pacific
Japan,2002,27.0,0.0,0,Western Pacific
Japan,2000,34.0,0.0,0,Western Pacific
Japan,1999,40.0,0.0,0,Western Pacific
Japan,1998,60.0,0.0,0,Western Pacific
Japan,1997,89.0,0.0,0,Western Pacific
Japan,1996,39.0,0.0,0,Western Pacific
Japan,1995,321.0,1.0,0.31,Western Pacific
Japan,1994,91.0,0.0,0,Western Pacific
Japan,1993,89.0,0.0,0,Western Pacific
Japan,1992,46.0,0.0,0,Western Pacific
Japan,1991,90.0,1.0,1.11,Western Pacific
Japan,1990,73.0,0.0,0,Western Pacific
Japan,1989,95.0,0.0,0,Western Pacific
Japan,1988,33.0,0.0,0,Western Pacific
Japan,1987,34.0,0.0,0,Western Pacific
Japan,1986,26.0,0.0,0,Western Pacific
Japan,1985,36.0,0.0,0,Western Pacific
Japan,1984,55.0,0.0,0,Western Pacific
Japan,1983,35.0,0.0,0,Western Pacific
Japan,1982,16.0,0.0,0,Western Pacific
Japan,1981,19.0,0.0,0,Western Pacific
Japan,1980,23.0,0.0,0,Western Pacific
Japan,1979,11.0,0.0,0,Western Pacific
Japan,1978,34.0,1.0,2.94,Western Pacific
Japan,1977,52.0,1.0,1.92,Western Pacific
Japan,1976,6.0,0.0,0,Western Pacific
Japan,1975,3.0,0.0,0,Western Pacific
Japan,1964,2.0,1.0,50,Western Pacific
Japan,1963,16.0,0.0,0,Western Pacific
Jordan,1990,2.0,0.0,0,Eastern Mediterranean
Jordan,1981,870.0,4.0,0.46,Eastern Mediterranean
Jordan,1979,141.0,0.0,0,Eastern Mediterranean
Jordan,1977,427.0,1.0,0.23,Eastern Mediterranean
Jordan,1976,152.0,0.0,0,Eastern Mediterranean
Jordan,1970,3.0,0.0,0,Eastern Mediterranean
Kazakhstan,2008,1.0,0.0,0,Europe
Kazakhstan,1997,4.0,0.0,0,Europe
Kazakhstan,1995,16.0,0.0,0,Europe
Kazakhstan,1994,3.0,0.0,0,Europe
Kazakhstan,1993,74.0,0.0,0,Europe
Kenya,2016,5866.0,80.0,1.4,Africa
Kenya,2015,13291.0,67.0,0.5,Africa
Kenya,2014,35.0,9.0,25.7,Africa
Kenya,2011,74.0,2.0,2.7,Africa
Kenya,2010,3188.0,63.0,1.98,Africa
Kenya,2009,11425.0,264.0,2.31,Africa
Kenya,2008,3091.0,113.0,3.66,Africa
Kenya,2007,1206.0,67.0,5.56,Africa
Kenya,2006,870.0,11.0,1.26,Africa
Kenya,2005,816.0,21.0,2.57,Africa
Kenya,2004,870.0,15.0,1.72,Africa
Kenya,2002,291.0,10.0,3.44,Africa
Kenya,2001,1001.0,55.0,5.49,Africa
Kenya,2000,1157.0,78.0,6.74,Africa
Kenya,1999,11039.0,350.0,3.17,Africa
Kenya,1998,22432.0,1237.0,5.51,Africa
Kenya,1997,17200.0,555.0,3.23,Africa
Kenya,1996,482.0,14.0,2.9,Africa
Kenya,1995,1547.0,39.0,2.52,Africa
Kenya,1994,880.0,28.0,3.18,Africa
Kenya,1992,3388.0,100.0,2.95,Africa
Kenya,1989,918.0,32.0,3.49,Africa
Kenya,1987,255.0,12.0,4.71,Africa
Kenya,1986,839.0,45.0,5.36,Africa
Kenya,1985,1352.0,102.0,7.54,Africa
Kenya,1984,14.0,0.0,0,Africa
Kenya,1983,1049.0,53.0,5.05,Africa
Kenya,1982,3498.0,91.0,2.6,Africa
Kenya,1981,2424.0,108.0,4.46,Africa
Kenya,1980,2808.0,42.0,1.5,Africa
Kenya,1979,1070.0,2.0,0.19,Africa
Kenya,1978,673.0,17.0,2.53,Africa
Kenya,1977,21.0,0.0,0,Africa
Kenya,1976,1359.0,59.0,4.34,Africa
Kenya,1975,1093.0,74.0,6.77,Africa
Kenya,1974,402.0,20.0,4.98,Africa
Kenya,1972,51.0,0.0,0,Africa
Kenya,1971,239.0,38.0,15.9,Africa
Kiribati,1978,494.0,0.0,0,Western Pacific
Kiribati,1977,1307.0,21.0,1.61,Western Pacific
Kuwait,2015,5.0,0.0,0,Eastern Mediterranean
Kuwait,1993,1.0,0.0,0,Eastern Mediterranean
Kuwait,1989,133.0,0.0,0,Eastern Mediterranean
Kuwait,1986,38.0,0.0,0,Eastern Mediterranean
Kuwait,1985,113.0,0.0,0,Eastern Mediterranean
Kuwait,1981,8.0,0.0,0,Eastern Mediterranean
Kuwait,1979,3.0,0.0,0,Eastern Mediterranean
Kuwait,1978,1.0,0.0,0,Eastern Mediterranean
Kuwait,1977,13.0,0.0,0,Eastern Mediterranean
Kuwait,1976,2.0,0.0,0,Eastern Mediterranean
Kuwait,1975,3.0,1.0,33.33,Eastern Mediterranean
Kuwait,1970,4.0,0.0,0,Eastern Mediterranean
Kyrgyzstan,1994,4.0,0.0,0,Europe
Lao People's Democratic Republic,2010,237.0,4.0,1.69,Western Pacific
Lao People's Democratic Republic,2008,201.0,0.0,0,Western Pacific
Lao People's Democratic Republic,2007,169.0,3.0,1.78,Western Pacific
Lao People's Democratic Republic,1996,720.0,33.0,4.58,Western Pacific
Lao People's Democratic Republic,1995,1365.0,174.0,12.75,Western Pacific
Lao People's Democratic Republic,1994,9660.0,606.0,6.27,Western Pacific
Lao People's Democratic Republic,1993,5521.0,255.0,4.62,Western Pacific
Lao People's Democratic Republic,1969,448.0,21.0,4.69,Western Pacific
Lao People's Democratic Republic,1953,31.0,18.0,58.06,Western Pacific
Lebanon,2005,1.0,0.0,0,Eastern Mediterranean
Lebanon,1993,344.0,23.0,6.69,Eastern Mediterranean
Lebanon,1977,30.0,0.0,0,Eastern Mediterranean
Lebanon,1970,54.0,1.0,1.85,Eastern Mediterranean
Lesotho,2006,0.0,0.0,0,Africa
Lesotho,2005,0.0,0.0,0,Africa
Liberia,2014,44.0,0.0,0,Africa
Liberia,2013,92.0,0.0,0,Africa
Liberia,2012,219.0,0.0,0,Africa
Liberia,2010,1546.0,0.0,0.00,Africa
Liberia,2009,1070.0,2.0,0.19,Africa
Liberia,2008,1236.0,3.0,0.24,Africa
Liberia,2007,3063.0,7.0,0.23,Africa
Liberia,2006,4929.0,17.0,0.34,Africa
Liberia,2005,3823.0,18.0,0.47,Africa
Liberia,2004,2786.0,4.0,0.14,Africa
Liberia,2003,34740.0,38.0,0.11,Africa
Liberia,2002,1115.0,0.0,0,Africa
Liberia,2001,1062.0,0.0,0,Africa
Liberia,2000,365.0,10.0,2.74,Africa
Liberia,1999,215.0,0.0,0,Africa
Liberia,1998,2123.0,17.0,0.8,Africa
Liberia,1997,91.0,0.0,0,Africa
Liberia,1996,8922.0,169.0,1.89,Africa
Liberia,1995,3420.0,126.0,3.68,Africa
Liberia,1994,764.0,17.0,2.23,Africa
Liberia,1991,132.0,40.0,30.3,Africa
Liberia,1989,28.0,0.0,0,Africa
Liberia,1988,68.0,1.0,1.47,Africa
Liberia,1987,33.0,1.0,3.03,Africa
Liberia,1986,59.0,0.0,0,Africa
Liberia,1985,355.0,3.0,0.85,Africa
Liberia,1984,492.0,8.0,1.63,Africa
Liberia,1983,183.0,12.0,6.56,Africa
Liberia,1982,670.0,8.0,1.19,Africa
Liberia,1981,1582.0,33.0,2.09,Africa
Liberia,1980,2690.0,55.0,2.04,Africa
Liberia,1979,438.0,6.0,1.37,Africa
Liberia,1978,422.0,9.0,2.13,Africa
Liberia,1977,512.0,18.0,3.52,Africa
Liberia,1976,646.0,10.0,1.55,Africa
Liberia,1975,704.0,16.0,2.27,Africa
Liberia,1974,512.0,12.0,2.34,Africa
Liberia,1973,1336.0,27.0,2.02,Africa
Liberia,1972,947.0,28.0,2.96,Africa
Liberia,1971,606.0,106.0,17.49,Africa
Liberia,1970,168.0,27.0,16.07,Africa
Libya,1995,22.0,2.0,9.09,Eastern Mediterranean
Libya,1970,1151.0,28.0,2.43,Eastern Mediterranean
Madagascar,2006,0.0,0.0,0,Africa
Madagascar,2005,0.0,0.0,0,Africa
Madagascar,2003,5.0,0.0,0,Africa
Madagascar,2002,27.0,0.0,0,Africa
Madagascar,2001,7219.0,413.0,5.72,Africa
Madagascar,2000,29305.0,1672.0,5.71,Africa
Madagascar,1999,9973.0,549.0,5.5,Africa
Madagascar,1996,0.0,0.0,0,Africa
Madagascar,1971,2.0,0.0,0,Africa
Malawi,2016,1792.0,46.0,2.6,Africa
Malawi,2015,693.0,11.0,1.6,Africa
Malawi,2012,187.0,2.0,1.07,Africa
Malawi,2011,120.0,4.0,3.33,Africa
Malawi,2010,1155.0,17.0,1.47,Africa
Malawi,2009,5751.0,125.0,2.17,Africa
Malawi,2008,831.0,26.0,3.13,Africa
Malawi,2007,475.0,5.0,1.05,Africa
Malawi,2006,4148.0,55.0,1.32,Africa
Malawi,2005,1105.0,11.0,1,Africa
Malawi,2004,675.0,4.0,0.59,Africa
Malawi,2003,2736.0,34.0,1.24,Africa
Malawi,2002,32618.0,911.0,2.79,Africa
Malawi,2001,2395.0,42.0,1.75,Africa
Malawi,2000,2391.0,56.0,2.34,Africa
Malawi,1999,26508.0,648.0,2.44,Africa
Malawi,1998,1745.0,74.0,4.24,Africa
Malawi,1997,130.0,15.0,11.54,Africa
Malawi,1996,1.0,0.0,0,Africa
Malawi,1995,1.0,0.0,0,Africa
Malawi,1994,107.0,11.0,10.28,Africa
Malawi,1993,25193.0,524.0,2.08,Africa
Malawi,1992,298.0,8.0,2.68,Africa
Malawi,1991,8088.0,245.0,3.03,Africa
Malawi,1990,13457.0,481.0,3.57,Africa
Malawi,1989,8351.0,16.0,0.19,Africa
Malawi,1988,6.0,0.0,0,Africa
Malawi,1983,487.0,49.0,10.06,Africa
Malawi,1981,261.0,0.0,0,Africa
Malawi,1978,263.0,24.0,9.13,Africa
Malawi,1977,577.0,0.0,0,Africa
Malawi,1976,19.0,0.0,0,Africa
Malawi,1973,371.0,20.0,5.39,Africa
Malaysia,2015,244.0,2.0,0.8,Western Pacific
Malaysia,2014,134.0,1.0,0.7,Western Pacific
Malaysia,2013,171.0,1.0,0.58,Western Pacific
Malaysia,2012,282.0,1.0,0.4,Western Pacific
Malaysia,2010,443.0,6.0,1.35,Western Pacific
Malaysia,2009,187.0,1.0,0.53,Western Pacific
Malaysia,2007,0.0,0.0,0,Western Pacific
Malaysia,2006,237.0,2.0,0.84,Western Pacific
Malaysia,2004,16.0,0.0,0.00,Western Pacific
Malaysia,2001,557.0,11.0,1.97,Western Pacific
Malaysia,2000,124.0,1.0,0.81,Western Pacific
Malaysia,1999,535.0,0.0,0,Western Pacific
Malaysia,1998,1304.0,19.0,1.46,Western Pacific
Malaysia,1997,389.0,4.0,1.03,Western Pacific
Malaysia,1996,1486.0,0.0,0,Western Pacific
Malaysia,1995,2209.0,27.0,1.22,Western Pacific
Malaysia,1994,534.0,0.0,0,Western Pacific
Malaysia,1993,995.0,13.0,1.31,Western Pacific
Malaysia,1992,474.0,8.0,1.69,Western Pacific
Malaysia,1991,506.0,6.0,1.19,Western Pacific
Malaysia,1990,2071.0,38.0,1.83,Western Pacific
Malaysia,1989,393.0,14.0,3.56,Western Pacific
Malaysia,1988,1324.0,32.0,2.42,Western Pacific
Malaysia,1987,1168.0,18.0,1.54,Western Pacific
Malaysia,1986,55.0,2.0,3.64,Western Pacific
Malaysia,1985,52.0,2.0,3.85,Western Pacific
Malaysia,1984,67.0,1.0,1.49,Western Pacific
Malaysia,1983,2195.0,38.0,1.73,Western Pacific
Malaysia,1982,516.0,17.0,3.29,Western Pacific
Malaysia,1981,469.0,14.0,2.99,Western Pacific
Malaysia,1980,97.0,7.0,7.22,Western Pacific
Malaysia,1979,502.0,10.0,1.99,Western Pacific
Malaysia,1978,1635.0,64.0,3.91,Western Pacific
Malaysia,1977,444.0,12.0,2.7,Western Pacific
Malaysia,1976,246.0,4.0,1.63,Western Pacific
Malaysia,1975,110.0,8.0,7.27,Western Pacific
Malaysia,1974,349.0,0.0,0,Western Pacific
Malaysia,1973,369.0,17.0,4.61,Western Pacific
Malaysia,1972,864.0,11.0,1.27,Western Pacific
Malaysia,1971,53.0,1.0,1.89,Western Pacific
Malaysia,1970,106.0,3.0,2.83,Western Pacific
Malaysia,1968,15.0,3.0,20,Western Pacific
Malaysia,1966,5.0,0.0,0,Western Pacific
Malaysia,1965,16.0,1.0,6.25,Western Pacific
Malaysia,1964,512.0,143.0,27.93,Western Pacific
Malaysia,1963,349.0,24.0,6.88,Western Pacific
Malaysia,1954,1.0,0.0,0,Western Pacific
Maldives,1978,11336.0,220.0,1.94,South-East Asia
Mali,2013,23.0,2.0,8.7,Africa
Mali,2012,219.0,19.0,8.68,Africa
Mali,2011,2220.0,95.0,4.28,Africa
Mali,2008,153.0,5.0,3.27,Africa
Mali,2006,7.0,0.0,0,Africa
Mali,2005,1178.0,76.0,6.45,Africa
Mali,2004,2839.0,205.0,7.22,Africa
Mali,2003,1455.0,119.0,8.18,Africa
Mali,2002,18.0,2.0,11.11,Africa
Mali,2001,67.0,9.0,13.43,Africa
Mali,2000,1885.0,51.0,2.71,Africa
Mali,1999,6.0,3.0,50,Africa
Mali,1997,6.0,3.0,50,Africa
Mali,1996,5723.0,761.0,13.3,Africa
Mali,1995,2191.0,231.0,10.54,Africa
Mali,1987,352.0,84.0,23.86,Africa
Mali,1986,1916.0,151.0,7.88,Africa
Mali,1985,3759.0,838.0,22.29,Africa
Mali,1984,1795.0,406.0,22.62,Africa
Mali,1974,130.0,21.0,16.15,Africa
Mali,1973,219.0,32.0,14.61,Africa
Mali,1972,2.0,0.0,0,Africa
Mali,1971,4792.0,1321.0,27.57,Africa
Mali,1970,2665.0,201.0,7.54,Africa
Marshall Islands,2000,300.0,6.0,2,Western Pacific
Mauritania,2011,46.0,3.0,6.52,Africa
Mauritania,2007,3.0,0.0,0,Africa
Mauritania,2006,25.0,0.0,0,Africa
Mauritania,2005,4132.0,70.0,1.69,Africa
Mauritania,2003,34.0,8.0,23.53,Africa
Mauritania,2002,80.0,0.0,0,Africa
Mauritania,1997,462.0,7.0,1.52,Africa
Mauritania,1996,4534.0,148.0,3.26,Africa
Mauritania,1989,700.0,27.0,3.86,Africa
Mauritania,1988,575.0,38.0,6.61,Africa
Mauritania,1987,1578.0,101.0,6.4,Africa
Mauritania,1986,3734.0,113.0,3.03,Africa
Mauritania,1985,259.0,20.0,7.72,Africa
Mauritania,1984,166.0,15.0,9.04,Africa
Mauritania,1973,150.0,22.0,14.67,Africa
Mauritania,1972,148.0,24.0,16.22,Africa
Mauritania,1971,1139.0,53.0,4.65,Africa
Mauritius,2006,0.0,0.0,0,Africa
Mauritius,2005,0.0,0.0,0,Africa
Mexico,2015,1.0,0.0,0,Americas
Mexico,2014,14.0,0.0,0.0,Americas
Mexico,2013,187.0,1.0,0.53,Americas
Mexico,2012,2.0,0.0,0,Americas
Mexico,2011,1.0,0.0,0.00,Americas
Mexico,2010,1.0,0.0,0.00,Americas
Mexico,2008,1.0,0.0,0,Americas
Mexico,2001,1.0,0.0,0,Americas
Mexico,2000,5.0,0.0,0,Americas
Mexico,1998,71.0,0.0,0,Americas
Mexico,1997,2356.0,1.0,0.04,Americas
Mexico,1996,1088.0,5.0,0.46,Americas
Mexico,1995,16430.0,137.0,0.83,Americas
Mexico,1994,4059.0,56.0,1.38,Americas
Mexico,1993,10712.0,193.0,1.8,Americas
Mexico,1992,8162.0,99.0,1.21,Americas
Mexico,1991,2690.0,34.0,1.26,Americas
Micronesia (Federated States of),2005,0.0,0.0,0,Western Pacific
Micronesia (Federated States of),2001,14.0,0.0,0,Western Pacific
Micronesia (Federated States of),2000,3452.0,20.0,0.58,Western Pacific
Micronesia (Federated States of),1996,1.0,0.0,0,Western Pacific
Micronesia (Federated States of),1990,34.0,1.0,2.94,Western Pacific
Mongolia,2005,0.0,0.0,0,Western Pacific
Mongolia,1996,177.0,12.0,6.78,Western Pacific
Morocco,1994,6.0,0.0,0,Eastern Mediterranean
Morocco,1990,4573.0,137.0,3,Eastern Mediterranean
Morocco,1976,2.0,0.0,0,Eastern Mediterranean
Morocco,1972,7.0,0.0,0,Eastern Mediterranean
Morocco,1971,56.0,0.0,0,Eastern Mediterranean
Mozambique,2016,883.0,2.0,0.2,Africa
Mozambique,2015,8739.0,64.0,0.7,Africa
Mozambique,2014,480.0,1.0,0.2,Africa
Mozambique,2013,1869.0,19.0,1.02,Africa
Mozambique,2012,647.0,7.0,1.08,Africa
Mozambique,2011,1279.0,5.0,0.39,Africa
Mozambique,2010,7430.0,117.0,1.57,Africa
Mozambique,2009,19679.0,155.0,0.79,Africa
Mozambique,2008,9087.0,102.0,1.12,Africa
Mozambique,2007,2622.0,22.0,0.84,Africa
Mozambique,2006,6306.0,29.0,0.46,Africa
Mozambique,2005,2226.0,24.0,1.08,Africa
Mozambique,2004,20080.0,110.0,0.55,Africa
Mozambique,2003,13758.0,102.0,0.74,Africa
Mozambique,2002,24375.0,342.0,1.4,Africa
Mozambique,2001,8794.0,102.0,1.16,Africa
Mozambique,2000,17649.0,238.0,1.35,Africa
Mozambique,1999,44329.0,1194.0,2.69,Africa
Mozambique,1998,42672.0,1353.0,3.17,Africa
Mozambique,1997,8739.0,259.0,2.96,Africa
Mozambique,1996,0.0,0.0,0,Africa
Mozambique,1994,692.0,27.0,3.9,Africa
Mozambique,1993,19803.0,507.0,2.56,Africa
Mozambique,1992,30802.0,727.0,2.36,Africa
Mozambique,1991,7847.0,328.0,4.18,Africa
Mozambique,1990,4152.0,194.0,4.67,Africa
Mozambique,1989,371.0,12.0,3.23,Africa
Mozambique,1986,1.0,0.0,0,Africa
Mozambique,1985,3.0,0.0,0,Africa
Mozambique,1984,521.0,11.0,2.11,Africa
Mozambique,1983,10745.0,447.0,4.16,Africa
Mozambique,1982,2301.0,199.0,8.65,Africa
Mozambique,1981,1753.0,132.0,7.53,Africa
Mozambique,1980,1212.0,85.0,7.01,Africa
Mozambique,1979,4564.0,547.0,11.99,Africa
Mozambique,1977,18.0,3.0,16.67,Africa
Mozambique,1976,3.0,2.0,66.67,Africa
Mozambique,1975,11.0,3.0,27.27,Africa
Mozambique,1974,1018.0,138.0,13.56,Africa
Mozambique,1973,453.0,87.0,19.21,Africa
Myanmar,2016,782.0,11.0,1.4,South-East Asia
Myanmar,2015,103.0,12.0,11.7,South-East Asia
Myanmar,2013,33.0,0.0,0,South-East Asia
Myanmar,2012,174.0,0.0,0,South-East Asia
Myanmar,2008,45.0,1.0,2.22,South-East Asia
Myanmar,1995,1296.0,6.0,0.46,South-East Asia
Myanmar,1994,421.0,4.0,0.95,South-East Asia
Myanmar,1993,1758.0,52.0,2.96,South-East Asia
Myanmar,1992,826.0,50.0,6.05,South-East Asia
Myanmar,1991,924.0,39.0,4.22,South-East Asia
Myanmar,1989,597.0,11.0,1.84,South-East Asia
Myanmar,1983,989.0,29.0,2.93,South-East Asia
Myanmar,1981,28.0,3.0,10.71,South-East Asia
Myanmar,1980,1018.0,50.0,4.91,South-East Asia
Myanmar,1979,874.0,75.0,8.58,South-East Asia
Myanmar,1978,3551.0,372.0,10.48,South-East Asia
Myanmar,1976,1519.0,173.0,11.39,South-East Asia
Myanmar,1975,2942.0,172.0,5.85,South-East Asia
Myanmar,1974,2363.0,203.0,8.59,South-East Asia
Myanmar,1973,386.0,24.0,6.22,South-East Asia
Myanmar,1972,180.0,7.0,3.89,South-East Asia
Myanmar,1971,378.0,42.0,11.11,South-East Asia
Myanmar,1970,911.0,76.0,8.34,South-East Asia
Myanmar,1969,205.0,34.0,16.59,South-East Asia
Myanmar,1968,3.0,0.0,0,South-East Asia
Myanmar,1967,9.0,0.0,0,South-East Asia
Myanmar,1966,263.0,17.0,6.46,South-East Asia
Myanmar,1965,207.0,8.0,3.86,South-East Asia
Myanmar,1964,922.0,171.0,18.55,South-East Asia
Myanmar,1963,3019.0,783.0,25.94,South-East Asia
Myanmar,1962,1.0,0.0,0,South-East Asia
Myanmar,1961,1.0,0.0,0,South-East Asia
Myanmar,1960,259.0,200.0,77.22,South-East Asia
Myanmar,1959,3.0,2.0,66.67,South-East Asia
Myanmar,1958,7.0,3.0,42.86,South-East Asia
Myanmar,1957,10.0,3.0,30,South-East Asia
Myanmar,1956,13.0,6.0,46.15,South-East Asia
Myanmar,1955,42.0,12.0,28.57,South-East Asia
Myanmar,1954,35.0,19.0,54.29,South-East Asia
Myanmar,1953,22.0,9.0,40.91,South-East Asia
Myanmar,1952,347.0,245.0,70.61,South-East Asia
Myanmar,1951,6753.0,4685.0,69.38,South-East Asia
Myanmar,1950,4212.0,2785.0,66.12,South-East Asia
Namibia,2014,485.0,13.0,2.7,Africa
Namibia,2013,3.0,0.0,0,Africa
Namibia,2009,159.0,3.0,1.89,Africa
Namibia,2008,3496.0,38.0,1.09,Africa
Namibia,2007,14.0,0.0,0,Africa
Namibia,2006,185.0,5.0,2.7,Africa
Namibia,2005,0.0,0.0,0,Africa
Nauru,1979,50.0,0.0,0,Western Pacific
Nauru,1978,38.0,0.0,0,Western Pacific
Nepal,2016,169.0,0.0,0.0,South-East Asia
Nepal,2015,80.0,0.0,0,South-East Asia
Nepal,2014,933.0,2.0,0.2,South-East Asia
Nepal,2012,34.0,0.0,0,South-East Asia
Nepal,2010,1790.0,9.0,0.50,South-East Asia
Nepal,2009,82.0,0.0,0,South-East Asia
Nepal,2007,264.0,0.0,0,South-East Asia
Nepal,1998,1745.0,17.0,0.97,South-East Asia
Nepal,1997,245.0,0.0,0,South-East Asia
Nepal,1996,274.0,1.0,0.37,South-East Asia
Nepal,1995,157.0,0.0,0,South-East Asia
Nepal,1994,32.0,0.0,0,South-East Asia
Nepal,1993,31.0,0.0,0,South-East Asia
Nepal,1992,798.0,15.0,1.88,South-East Asia
Nepal,1991,30648.0,873.0,2.85,South-East Asia
Nepal,1990,23888.0,495.0,2.07,South-East Asia
Nepal,1989,141.0,2.0,1.42,South-East Asia
Nepal,1981,24.0,0.0,0,South-East Asia
Nepal,1980,1.0,0.0,0,South-East Asia
Nepal,1979,22.0,0.0,0,South-East Asia
Nepal,1978,1662.0,10.0,0.6,South-East Asia
Nepal,1977,428.0,4.0,0.93,South-East Asia
Nepal,1976,185.0,1.0,0.54,South-East Asia
Nepal,1975,260.0,0.0,0,South-East Asia
Nepal,1974,8.0,0.0,0,South-East Asia
Nepal,1973,7.0,0.0,0,South-East Asia
Nepal,1972,1.0,0.0,0,South-East Asia
Nepal,1971,4.0,0.0,0,South-East Asia
Nepal,1970,391.0,1.0,0.26,South-East Asia
Nepal,1969,226.0,6.0,2.65,South-East Asia
Nepal,1968,34.0,17.0,50,South-East Asia
Nepal,1966,2.0,0.0,0,South-East Asia
Nepal,1965,727.0,97.0,13.34,South-East Asia
Nepal,1958,2706.0,384.0,14.19,South-East Asia
Netherlands,2016,1.0,0.0,0.0,Europe
Netherlands,2008,5.0,0.0,0,Europe
Netherlands,2006,3.0,0.0,0,Europe
Netherlands,2005,4.0,0.0,0,Europe
Netherlands,2004,1.0,0.0,0.00,Europe
Netherlands,1999,2.0,0.0,0,Europe
Netherlands,1998,4.0,0.0,0,Europe
Netherlands,1997,2.0,0.0,0,Europe
Netherlands,1996,3.0,0.0,0,Europe
Netherlands,1995,9.0,0.0,0,Europe
Netherlands,1994,1.0,0.0,0,Europe
Netherlands,1993,3.0,0.0,0,Europe
Netherlands,1990,3.0,0.0,0,Europe
Netherlands,1988,1.0,0.0,0,Europe
Netherlands,1983,2.0,0.0,0,Europe
Netherlands,1979,5.0,0.0,0,Europe
Netherlands,1978,4.0,0.0,0,Europe
Netherlands,1977,1.0,0.0,0,Europe
Netherlands,1976,1.0,1.0,100,Europe
New Zealand,2005,1.0,0.0,0,Western Pacific
New Zealand,1999,1.0,0.0,0,Western Pacific
New Zealand,1998,1.0,0.0,0,Western Pacific
New Zealand,1995,2.0,0.0,0,Western Pacific
New Zealand,1994,2.0,0.0,0,Western Pacific
New Zealand,1990,5.0,0.0,0,Western Pacific
New Zealand,1987,2.0,0.0,0,Western Pacific
New Zealand,1972,3.0,1.0,33.33,Western Pacific
Nicaragua,2000,12.0,0.0,0,Americas
Nicaragua,1999,552.0,7.0,1.27,Americas
Nicaragua,1998,1437.0,29.0,2.02,Americas
Nicaragua,1997,1283.0,36.0,2.81,Americas
Nicaragua,1996,2813.0,107.0,3.8,Americas
Nicaragua,1995,8825.0,164.0,1.86,Americas
Nicaragua,1994,7821.0,134.0,1.71,Americas
Nicaragua,1993,6631.0,220.0,3.32,Americas
Nicaragua,1992,3067.0,46.0,1.5,Americas
Nicaragua,1991,1.0,0.0,0,Americas
Niger,2016,38.0,6.0,15.8,Africa
Niger,2015,51.0,4.0,7.8,Africa
Niger,2014,2059.0,80.0,3.9,Africa
Niger,2013,585.0,13.0,2.22,Africa
Niger,2012,5284.0,110.0,2.08,Africa
Niger,2011,2324.0,60.0,2.58,Africa
Niger,2010,1154.0,66.0,5.72,Africa
Niger,2008,972.0,70.0,7.2,Africa
Niger,2007,24.0,2.0,8.33,Africa
Niger,2006,1232.0,81.0,6.57,Africa
Niger,2005,553.0,55.0,9.95,Africa
Niger,2004,2178.0,57.0,2.62,Africa
Niger,2003,292.0,11.0,3.77,Africa
Niger,2002,236.0,12.0,5.08,Africa
Niger,2001,81.0,1.0,1.23,Africa
Niger,2000,225.0,38.0,16.89,Africa
Niger,1999,1186.0,85.0,7.17,Africa
Niger,1997,259.0,13.0,5.02,Africa
Niger,1996,3957.0,206.0,5.21,Africa
Niger,1995,264.0,15.0,5.68,Africa
Niger,1994,732.0,83.0,11.34,Africa
Niger,1991,3238.0,367.0,11.33,Africa
Niger,1989,166.0,22.0,13.25,Africa
Niger,1984,3788.0,308.0,8.13,Africa
Niger,1981,7.0,0.0,0,Africa
Niger,1974,286.0,75.0,26.22,Africa
Niger,1973,121.0,16.0,13.22,Africa
Niger,1972,51.0,12.0,23.53,Africa
Niger,1971,9265.0,2344.0,25.3,Africa
Niger,1970,16.0,8.0,50,Africa
Nigeria,2016,768.0,32.0,4.2,Africa
Nigeria,2015,5290.0,186.0,3.5,Africa
Nigeria,2014,35996.0,755.0,2.1,Africa
Nigeria,2013,6600.0,229.0,3.47,Africa
Nigeria,2012,597.0,18.0,3.02,Africa
Nigeria,2011,23377.0,742.0,3.17,Africa
Nigeria,2010,44456.0,1712.0,3.85,Africa
Nigeria,2009,13691.0,431.0,3.15,Africa
Nigeria,2008,5410.0,247.0,4.57,Africa
Nigeria,2007,1661.0,48.0,2.89,Africa
Nigeria,2006,2028.0,127.0,6.26,Africa
Nigeria,2005,4477.0,174.0,3.89,Africa
Nigeria,2004,3186.0,185.0,5.81,Africa
Nigeria,2003,1933.0,87.0,4.5,Africa
Nigeria,2002,5429.0,154.0,2.84,Africa
Nigeria,2001,2312.0,119.0,5.15,Africa
Nigeria,2000,2799.0,43.0,1.54,Africa
Nigeria,1999,26358.0,2085.0,7.91,Africa
Nigeria,1998,3464.0,187.0,5.4,Africa
Nigeria,1997,1322.0,134.0,10.14,Africa
Nigeria,1996,12374.0,1193.0,9.64,Africa
Nigeria,1995,1059.0,87.0,8.22,Africa
Nigeria,1994,2859.0,313.0,10.95,Africa
Nigeria,1993,4160.0,266.0,6.39,Africa
Nigeria,1992,8687.0,686.0,7.9,Africa
Nigeria,1991,59478.0,7654.0,12.87,Africa
Nigeria,1989,1078.0,61.0,5.66,Africa
Nigeria,1988,137.0,10.0,7.3,Africa
Nigeria,1987,1290.0,111.0,8.6,Africa
Nigeria,1986,91.0,23.0,25.27,Africa
Nigeria,1985,30.0,0.0,0,Africa
Nigeria,1984,1667.0,185.0,11.1,Africa
Nigeria,1983,178.0,2.0,1.12,Africa
Nigeria,1982,248.0,18.0,7.26,Africa
Nigeria,1981,107.0,18.0,16.82,Africa
Nigeria,1980,138.0,25.0,18.12,Africa
Nigeria,1979,293.0,4.0,1.37,Africa
Nigeria,1978,197.0,20.0,10.15,Africa
Nigeria,1977,376.0,10.0,2.66,Africa
Nigeria,1976,112.0,25.0,22.32,Africa
Nigeria,1975,38.0,1.0,2.63,Africa
Nigeria,1973,157.0,27.0,17.2,Africa
Nigeria,1972,1363.0,96.0,7.04,Africa
Nigeria,1971,22931.0,2945.0,12.84,Africa
Nigeria,1970,15.0,4.0,26.67,Africa
Norway,2015,1.0,0.0,0,Europe
Norway,2007,1.0,0.0,0,Europe
Norway,2006,1.0,0.0,0,Europe
Norway,2005,1.0,0.0,0,Europe
Norway,1998,2.0,0.0,0,Europe
Norway,1995,1.0,0.0,0,Europe
Norway,1989,1.0,0.0,0,Europe
Norway,1987,1.0,0.0,0,Europe
Oman,2015,1.0,0.0,0,Eastern Mediterranean
Oman,1971,9.0,8.0,88.89,Eastern Mediterranean
Pakistan,2014,1218.0,6.0,0.5,Eastern Mediterranean
Pakistan,2013,1069.0,23.0,2.15,Eastern Mediterranean
Pakistan,2012,144.0,8.0,5.6,Eastern Mediterranean
Pakistan,2011,527.0,219.0,41.56,Eastern Mediterranean
Pakistan,2010,164.0,0.0,0.00,Eastern Mediterranean
Pakistan,1993,12092.0,206.0,1.7,Eastern Mediterranean
Pakistan,1981,4.0,0.0,0,Eastern Mediterranean
Pakistan,1977,12.0,1.0,8.33,Eastern Mediterranean
Pakistan,1971,1185.0,43.0,3.63,Eastern Mediterranean
Pakistan,1970,2.0,0.0,0,Eastern Mediterranean
Pakistan,1969,717.0,17.0,2.37,Eastern Mediterranean
Pakistan,1968,3932.0,55.0,1.4,Eastern Mediterranean
Pakistan,1965,21.0,1.0,4.76,Eastern Mediterranean
Pakistan,1960,6704.0,1107.0,16.51,Eastern Mediterranean
Pakistan,1958,366.0,86.0,23.5,Eastern Mediterranean
Panama,1993,42.0,4.0,9.52,Americas
Panama,1992,2416.0,49.0,2.03,Americas
Panama,1991,1178.0,29.0,2.46,Americas
Papua New Guinea,2011,1535.0,2.0,0.13,Western Pacific
Papua New Guinea,2010,8997.0,95.0,1.06,Western Pacific
Papua New Guinea,2009,1957.0,45.0,2.3,Western Pacific
Papua New Guinea,2005,0.0,0.0,0,Western Pacific
Papua New Guinea,1962,1293.0,464.0,35.89,Western Pacific
Paraguay,2009,5.0,0.0,0,Americas
Paraguay,1996,4.0,0.0,0,Americas
Paraguay,1993,3.0,0.0,0,Americas
Peru,2002,16.0,0.0,0,Americas
Peru,2001,494.0,0.0,0,Americas
Peru,2000,934.0,6.0,0.64,Americas
Peru,1999,1546.0,6.0,0.39,Americas
Peru,1998,41717.0,568.0,1.36,Americas
Peru,1997,3483.0,29.0,0.83,Americas
Peru,1996,4518.0,21.0,0.46,Americas
Peru,1995,22397.0,171.0,0.76,Americas
Peru,1994,23887.0,199.0,0.83,Americas
Peru,1993,72404.0,575.0,0.79,Americas
Peru,1992,242237.0,801.0,0.33,Americas
Peru,1991,322562.0,2909.0,0.9,Americas
Philippines,2016,124.0,0.0,0.0,Western Pacific
Philippines,2014,4547.0,8.0,0.2,Western Pacific
Philippines,2013,6.0,0.0,0,Western Pacific
Philippines,2012,1864.0,14.0,0.8,Western Pacific
Philippines,2011,120.0,3.0,2.50,Western Pacific
Philippines,2010,33.0,2.0,6.06,Western Pacific
Philippines,2007,0.0,0.0,0,Western Pacific
Philippines,2006,66.0,1.0,1.5,Western Pacific
Philippines,2005,139.0,2.0,1.44,Western Pacific
Philippines,2004,533.0,3.0,0.56,Western Pacific
Philippines,2000,275.0,6.0,2.18,Western Pacific
Philippines,1999,330.0,0.0,0,Western Pacific
Philippines,1998,729.0,17.0,2.33,Western Pacific
Philippines,1997,605.0,0.0,0,Western Pacific
Philippines,1996,1402.0,14.0,1,Western Pacific
Philippines,1995,847.0,4.0,0.47,Western Pacific
Philippines,1994,3340.0,27.0,0.81,Western Pacific
Philippines,1993,708.0,10.0,1.41,Western Pacific
Philippines,1992,345.0,0.0,0,Western Pacific
Philippines,1985,10.0,1.0,10,Western Pacific
Philippines,1982,930.0,31.0,3.33,Western Pacific
Philippines,1981,864.0,51.0,5.9,Western Pacific
Philippines,1980,836.0,61.0,7.3,Western Pacific
Philippines,1979,1268.0,408.0,32.18,Western Pacific
Philippines,1978,1408.0,122.0,8.66,Western Pacific
Philippines,1977,1363.0,180.0,13.21,Western Pacific
Philippines,1976,1258.0,160.0,12.72,Western Pacific
Philippines,1975,680.0,15.0,2.21,Western Pacific
Philippines,1974,1730.0,33.0,1.91,Western Pacific
Philippines,1973,2840.0,447.0,15.74,Western Pacific
Philippines,1972,5601.0,78.0,1.39,Western Pacific
Philippines,1971,3585.0,109.0,3.04,Western Pacific
Philippines,1970,1095.0,38.0,3.47,Western Pacific
Philippines,1969,1541.0,106.0,6.88,Western Pacific
Philippines,1968,2787.0,89.0,3.19,Western Pacific
Philippines,1967,1629.0,52.0,3.19,Western Pacific
Philippines,1966,5261.0,273.0,5.19,Western Pacific
Philippines,1965,4581.0,448.0,9.78,Western Pacific
Philippines,1964,16464.0,1518.0,9.22,Western Pacific
Philippines,1963,3979.0,433.0,10.88,Western Pacific
Philippines,1962,13015.0,1682.0,12.92,Western Pacific
Philippines,1961,9923.0,1405.0,14.16,Western Pacific
Poland,2005,1.0,0.0,0,Europe
Poland,1994,1.0,0.0,0,Europe
Portugal,1995,1.0,0.0,0,Europe
Portugal,1994,1.0,0.0,0,Europe
Portugal,1975,1066.0,8.0,0.75,Europe
Portugal,1974,2467.0,48.0,1.95,Europe
Portugal,1971,64.0,4.0,6.25,Europe
Qatar,2005,2.0,0.0,0,Eastern Mediterranean
Qatar,2004,1.0,0.0,0.00,Eastern Mediterranean
Republic of Korea,2016,4.0,0.0,0,Western Pacific
Republic of Korea,2013,3.0,0.0,0,Western Pacific
Republic of Korea,2010,1.0,0.0,0.00,Western Pacific
Republic of Korea,2004,10.0,0.0,0.00,Western Pacific
Republic of Korea,2001,138.0,0.0,0,Western Pacific
Republic of Korea,1997,10.0,0.0,0,Western Pacific
Republic of Korea,1995,74.0,0.0,0,Western Pacific
Republic of Korea,1994,34.0,0.0,0,Western Pacific
Republic of Korea,1993,5.0,0.0,0,Western Pacific
Republic of Korea,1992,6.0,0.0,0,Western Pacific
Republic of Korea,1991,113.0,4.0,3.54,Western Pacific
Republic of Korea,1980,145.0,4.0,2.76,Western Pacific
Republic of Korea,1970,475.0,23.0,4.84,Western Pacific
Republic of Korea,1969,1538.0,137.0,8.91,Western Pacific
Republic of Korea,1964,11.0,1.0,9.09,Western Pacific
Republic of Korea,1963,415.0,38.0,9.16,Western Pacific
Republic of Moldova,1995,240.0,5.0,2.08,Europe
Republic of Moldova,1994,8.0,0.0,0,Europe
Republic of Moldova,1993,1.0,0.0,0,Europe
Romania,1995,118.0,3.0,2.54,Europe
Romania,1994,80.0,4.0,5,Europe
Romania,1993,15.0,0.0,0,Europe
Romania,1992,3.0,0.0,0,Europe
Romania,1991,226.0,9.0,3.98,Europe
Romania,1990,270.0,1.0,0.37,Europe
Russian Federation,2014,1.0,0.0,0.0,Europe
Russian Federation,2012,1.0,0.0,0,Europe
Russian Federation,2010,3.0,0.0,0.00,Europe
Russian Federation,2006,1.0,0.0,0,Europe
Russian Federation,2004,1.0,0.0,0.00,Europe
Russian Federation,2001,53.0,0.0,0,Europe
Russian Federation,1999,8.0,0.0,0,Europe
Russian Federation,1998,10.0,0.0,0,Europe
Russian Federation,1997,11.0,0.0,0,Europe
Russian Federation,1996,4.0,1.0,25,Europe
Russian Federation,1995,9.0,0.0,0,Europe
Russian Federation,1994,1048.0,15.0,1.43,Europe
Russian Federation,1993,23.0,2.0,8.7,Europe
Russian Federation,1991,78.0,0.0,0,Europe
Russian Federation,1990,49.0,0.0,0,Europe
Russian Federation,1977,1.0,0.0,0,Europe
Russian Federation,1976,1.0,0.0,0,Europe
Russian Federation,1970,720.0,0.0,0,Europe
Rwanda,2016,355.0,0.0,0.0,Africa
Rwanda,2012,9.0,0.0,0,Africa
Rwanda,2009,67.0,0.0,0,Africa
Rwanda,2008,23.0,0.0,0,Africa
Rwanda,2007,1453.0,21.0,1.45,Africa
Rwanda,2006,405.0,21.0,5.19,Africa
Rwanda,2005,89.0,0.0,0,Africa
Rwanda,2004,586.0,0.0,0,Africa
Rwanda,2003,12.0,0.0,0,Africa
Rwanda,2001,157.0,2.0,1.27,Africa
Rwanda,2000,1235.0,8.0,0.65,Africa
Rwanda,1999,327.0,49.0,14.98,Africa
Rwanda,1998,3220.0,74.0,2.3,Africa
Rwanda,1997,274.0,16.0,5.84,Africa
Rwanda,1996,106.0,10.0,9.43,Africa
Rwanda,1995,3.0,0.0,0,Africa
Rwanda,1994,10.0,0.0,0,Africa
Rwanda,1993,568.0,34.0,5.99,Africa
Rwanda,1992,503.0,35.0,6.96,Africa
Rwanda,1991,679.0,35.0,5.15,Africa
Rwanda,1989,1.0,0.0,0,Africa
Rwanda,1988,70.0,3.0,4.29,Africa
Rwanda,1987,101.0,6.0,5.94,Africa
Rwanda,1986,226.0,7.0,3.1,Africa
Rwanda,1985,21.0,0.0,0,Africa
Rwanda,1984,161.0,13.0,8.07,Africa
Rwanda,1983,54.0,5.0,9.26,Africa
Rwanda,1982,201.0,2.0,1,Africa
Rwanda,1981,24.0,1.0,4.17,Africa
Rwanda,1980,30.0,4.0,13.33,Africa
Rwanda,1979,5.0,0.0,0,Africa
Rwanda,1978,838.0,48.0,5.73,Africa
Samoa,1980,1.0,0.0,0,Western Pacific
Sao Tome and Principe,2008,119.0,4.0,3.36,Africa
Sao Tome and Principe,2007,90.0,0.0,0,Africa
Sao Tome and Principe,2006,926.0,9.0,0.97,Africa
Sao Tome and Principe,2005,1966.0,33.0,1.68,Africa
Sao Tome and Principe,1991,3.0,1.0,33.33,Africa
Sao Tome and Principe,1990,804.0,9.0,1.12,Africa
Sao Tome and Principe,1989,3953.0,64.0,1.62,Africa
Saudi Arabia,1986,74.0,3.0,4.05,Eastern Mediterranean
Saudi Arabia,1981,13.0,0.0,0,Eastern Mediterranean
Saudi Arabia,1980,2.0,0.0,0,Eastern Mediterranean
Saudi Arabia,1979,23.0,0.0,0,Eastern Mediterranean
Saudi Arabia,1978,30.0,1.0,3.33,Eastern Mediterranean
Saudi Arabia,1977,18.0,0.0,0,Eastern Mediterranean
Saudi Arabia,1976,50.0,0.0,0,Eastern Mediterranean
Saudi Arabia,1975,91.0,48.0,52.75,Eastern Mediterranean
Saudi Arabia,1972,303.0,0.0,0,Eastern Mediterranean
Saudi Arabia,1970,266.0,14.0,5.26,Eastern Mediterranean
Senegal,2012,1.0,0.0,0,Africa
Senegal,2010,3.0,0.0,0.00,Africa
Senegal,2009,4.0,0.0,0,Africa
Senegal,2008,1283.0,20.0,1.56,Africa
Senegal,2007,3984.0,24.0,0.6,Africa
Senegal,2006,365.0,10.0,2.74,Africa
Senegal,2005,31719.0,458.0,0,Africa
Senegal,2004,1227.0,10.0,0.82,Africa
Senegal,1997,371.0,11.0,2.97,Africa
Senegal,1996,16107.0,765.0,4.75,Africa
Senegal,1995,3332.0,160.0,4.8,Africa
Senegal,1988,390.0,1.0,0.26,Africa
Senegal,1987,3150.0,288.0,9.14,Africa
Senegal,1986,476.0,63.0,13.24,Africa
Senegal,1985,2988.0,474.0,15.86,Africa
Senegal,1984,728.0,94.0,12.91,Africa
Senegal,1981,428.0,0.0,0,Africa
Senegal,1979,103.0,3.0,2.91,Africa
Senegal,1978,315.0,8.0,2.54,Africa
Senegal,1972,379.0,37.0,9.76,Africa
Senegal,1971,265.0,60.0,22.64,Africa
Seychelles,2008,0.0,0.0,0,Africa
Seychelles,2007,178.0,1.0,0.56,Africa
Seychelles,2006,0.0,0.0,0,Africa
Seychelles,2005,0.0,0.0,0,Africa
Sierra Leone,2013,377.0,32.0,8.49,Africa
Sierra Leone,2012,23124.0,299.0,1.29,Africa
Sierra Leone,2008,62.0,1.0,1.61,Africa
Sierra Leone,2007,2219.0,84.0,3.79,Africa
Sierra Leone,2006,2560.0,99.0,3.87,Africa
Sierra Leone,2005,6.0,0.0,0,Africa
Sierra Leone,2004,513.0,42.0,8.19,Africa
Sierra Leone,1999,863.0,5.0,0.58,Africa
Sierra Leone,1998,2096.0,57.0,2.72,Africa
Sierra Leone,1995,10285.0,447.0,4.35,Africa
Sierra Leone,1994,9709.0,623.0,6.42,Africa
Sierra Leone,1987,557.0,30.0,5.39,Africa
Sierra Leone,1986,8957.0,669.0,7.47,Africa
Sierra Leone,1977,12.0,0.0,0,Africa
Sierra Leone,1971,211.0,13.0,6.16,Africa
Sierra Leone,1970,293.0,74.0,25.26,Africa
Singapore,2014,2.0,0.0,0.0,Western Pacific
Singapore,2013,2.0,0.0,0,Western Pacific
Singapore,2012,2.0,0.0,0,Western Pacific
Singapore,2004,11.0,1.0,9.09,Western Pacific
Singapore,2003,1.0,0.0,0,Western Pacific
Singapore,2001,8.0,0.0,0,Western Pacific
Singapore,2000,10.0,0.0,0,Western Pacific
Singapore,1999,11.0,0.0,0,Western Pacific
Singapore,1998,31.0,2.0,6.45,Western Pacific
Singapore,1997,19.0,0.0,0,Western Pacific
Singapore,1996,19.0,1.0,5.26,Western Pacific
Singapore,1995,14.0,0.0,0,Western Pacific
Singapore,1994,41.0,1.0,2.44,Western Pacific
Singapore,1993,24.0,0.0,0,Western Pacific
Singapore,1992,17.0,0.0,0,Western Pacific
Singapore,1991,34.0,2.0,5.88,Western Pacific
Singapore,1990,26.0,0.0,0,Western Pacific
Singapore,1989,39.0,0.0,0,Western Pacific
Singapore,1988,19.0,0.0,0,Western Pacific
Singapore,1987,63.0,0.0,0,Western Pacific
Singapore,1986,27.0,0.0,0,Western Pacific
Singapore,1985,27.0,1.0,3.7,Western Pacific
Singapore,1984,40.0,8.0,20,Western Pacific
Singapore,1983,14.0,0.0,0,Western Pacific
Singapore,1982,31.0,0.0,0,Western Pacific
Singapore,1981,34.0,0.0,0,Western Pacific
Singapore,1980,18.0,0.0,0,Western Pacific
Singapore,1979,10.0,0.0,0,Western Pacific
Singapore,1978,83.0,0.0,0,Western Pacific
Singapore,1977,11.0,0.0,0,Western Pacific
Singapore,1975,10.0,0.0,0,Western Pacific
Singapore,1974,8.0,0.0,0,Western Pacific
Singapore,1973,1.0,0.0,0,Western Pacific
Singapore,1972,114.0,3.0,2.63,Western Pacific
Singapore,1969,11.0,4.0,36.36,Western Pacific
Singapore,1968,6.0,0.0,0,Western Pacific
Singapore,1964,24.0,3.0,12.5,Western Pacific
Singapore,1963,27.0,2.0,7.41,Western Pacific
Slovenia,2007,0.0,0.0,0,Europe
Somalia,2016,15619.0,548.0,3.5,Eastern Mediterranean
Somalia,2015,7536.0,84.0,1.1,Eastern Mediterranean
Somalia,2013,6864.0,140.0,2.04,Eastern Mediterranean
Somalia,2012,22576.0,200.0,0.89,Eastern Mediterranean
Somalia,2011,77636.0,1130.0,1.46,Eastern Mediterranean
Somalia,2010,3510.0,103.0,2.93,Eastern Mediterranean
Somalia,2009,208.0,3.0,1.44,Eastern Mediterranean
Somalia,2008,1281.0,16.0,1.25,Eastern Mediterranean
Somalia,2007,41643.0,1182.0,2.84,Eastern Mediterranean
Somalia,2004,4490.0,26.0,0.58,Eastern Mediterranean
Somalia,2003,11020.0,56.0,0.51,Eastern Mediterranean
Somalia,2002,2775.0,159.0,5.73,Eastern Mediterranean
Somalia,2001,2567.0,93.0,3.62,Eastern Mediterranean
Somalia,2000,7496.0,563.0,7.51,Eastern Mediterranean
Somalia,1999,17757.0,693.0,3.9,Eastern Mediterranean
Somalia,1998,4417.0,196.0,4.44,Eastern Mediterranean
Somalia,1997,6814.0,252.0,3.7,Eastern Mediterranean
Somalia,1996,10274.0,464.0,4.52,Eastern Mediterranean
Somalia,1995,9255.0,191.0,2.06,Eastern Mediterranean
Somalia,1994,28334.0,1206.0,4.26,Eastern Mediterranean
Somalia,1986,15980.0,1945.0,12.17,Eastern Mediterranean
Somalia,1985,10199.0,1589.0,15.58,Eastern Mediterranean
Somalia,1971,89.0,10.0,11.24,Eastern Mediterranean
Somalia,1970,43.0,10.0,23.26,Eastern Mediterranean
South Africa,2013,1.0,0.0,0,Africa
South Africa,2009,10520.0,57.0,0.54,Africa
South Africa,2008,3907.0,22.0,0.56,Africa
South Africa,2006,0.0,0.0,0,Africa
South Africa,2005,3503.0,28.0,0.8,Africa
South Africa,2004,2767.0,35.0,1.26,Africa
South Africa,2003,3901.0,45.0,1.15,Africa
South Africa,2002,10004.0,32.0,0.32,Africa
South Africa,2001,106159.0,232.0,0.22,Africa
South Africa,2000,19667.0,68.0,0.35,Africa
South Africa,1999,68.0,2.0,2.94,Africa
South Africa,1998,20.0,1.0,5,Africa
South Africa,1994,4.0,0.0,0,Africa
South Africa,1993,78.0,2.0,2.56,Africa
South Africa,1992,11.0,0.0,0,Africa
South Africa,1991,10.0,0.0,0,Africa
South Africa,1987,37.0,0.0,0,Africa
South Africa,1986,120.0,1.0,0.83,Africa
South Africa,1985,2742.0,4.0,0.15,Africa
South Africa,1984,1182.0,20.0,1.69,Africa
South Africa,1983,4715.0,63.0,1.34,Africa
South Africa,1982,11968.0,224.0,1.87,Africa
South Africa,1981,4180.0,52.0,1.24,Africa
South Africa,1980,859.0,16.0,1.86,Africa
South Africa,1979,2.0,0.0,0,Africa
South Africa,1974,37.0,0.0,0,Africa
South Africa,1973,1.0,0.0,0,Africa
South Sudan,2016,4295.0,82.0,1.9,Africa
South Sudan,2015,1818.0,47.0,2.6,Africa
South Sudan,2014,6421.0,167.0,2.6,Africa
Spain,2015,2.0,0.0,0,Europe
Spain,2008,5.0,0.0,0,Europe
Spain,2007,2.0,0.0,0,Europe
Spain,2006,2.0,0.0,0,Europe
Spain,1996,1.0,0.0,0,Europe
Spain,1995,6.0,0.0,0,Europe
Spain,1994,1.0,0.0,0,Europe
Spain,1993,3.0,0.0,0,Europe
Spain,1991,1.0,0.0,0,Europe
Spain,1990,11.0,0.0,0,Europe
Spain,1989,3.0,0.0,0,Europe
Spain,1987,2.0,0.0,0,Europe
Spain,1983,2.0,0.0,0,Europe
Spain,1982,2.0,0.0,0,Europe
Spain,1980,4.0,0.0,0,Europe
Spain,1976,2.0,0.0,0,Europe
Spain,1975,11.0,0.0,0,Europe
Sri Lanka,2002,9.0,1.0,11.11,South-East Asia
Sri Lanka,2000,2.0,0.0,0,South-East Asia
Sri Lanka,1999,108.0,5.0,4.63,South-East Asia
Sri Lanka,1998,1536.0,49.0,3.19,South-East Asia
Sri Lanka,1997,430.0,12.0,2.79,South-East Asia
Sri Lanka,1993,1.0,0.0,0,South-East Asia
Sri Lanka,1992,121.0,3.0,2.48,South-East Asia
Sri Lanka,1991,70.0,2.0,2.86,South-East Asia
Sri Lanka,1988,154.0,11.0,7.14,South-East Asia
Sri Lanka,1983,86.0,2.0,2.33,South-East Asia
Sri Lanka,1982,309.0,21.0,6.8,South-East Asia
Sri Lanka,1981,574.0,57.0,9.93,South-East Asia
Sri Lanka,1980,104.0,4.0,3.85,South-East Asia
Sri Lanka,1979,46.0,0.0,0,South-East Asia
Sri Lanka,1978,48.0,2.0,4.17,South-East Asia
Sri Lanka,1977,5.0,0.0,0,South-East Asia
Sri Lanka,1976,728.0,16.0,2.2,South-East Asia
Sri Lanka,1975,1453.0,67.0,4.61,South-East Asia
Sri Lanka,1974,4559.0,333.0,7.3,South-East Asia
Sri Lanka,1973,118.0,13.0,11.02,South-East Asia
Sudan,2009,13681.0,52.0,0.38,Eastern Mediterranean
Sudan,2008,17241.0,118.0,0.68,Eastern Mediterranean
Sudan,2007,13731.0,500.0,3.64,Eastern Mediterranean
Sudan,2006,30662.0,1011.0,3.29,Eastern Mediterranean
Sudan,1999,0.0,0.0,0,Eastern Mediterranean
Sudan,1985,4457.0,239.0,5.36,Eastern Mediterranean
Sudan,1980,17.0,2.0,11.76,Eastern Mediterranean
Sudan,1979,845.0,176.0,20.83,Eastern Mediterranean
Suriname,1992,12.0,1.0,8.33,Americas
Sweden,2015,1.0,0.0,0,Europe
Sweden,2006,1.0,0.0,0,Europe
Sweden,2004,1.0,0.0,0.00,Europe
Sweden,1996,1.0,0.0,0,Europe
Sweden,1995,2.0,0.0,0,Europe
Sweden,1994,1.0,0.0,0,Europe
Sweden,1992,1.0,0.0,0,Europe
Sweden,1987,1.0,0.0,0,Europe
Sweden,1986,1.0,0.0,0,Europe
Sweden,1979,1.0,0.0,0,Europe
Sweden,1976,1.0,0.0,0,Europe
Sweden,1974,1.0,0.0,0,Europe
Sweden,1973,10.0,0.0,0,Europe
Sweden,1971,4.0,0.0,0,Europe
Switzerland,2015,2.0,0.0,0,Europe
Switzerland,2006,1.0,0.0,0,Europe
Switzerland,1995,2.0,0.0,0,Europe
Switzerland,1993,2.0,0.0,0,Europe
Switzerland,1992,1.0,0.0,0,Europe
Switzerland,1988,1.0,0.0,0,Europe
Switzerland,1985,1.0,0.0,0,Europe
Switzerland,1978,1.0,0.0,0,Europe
Switzerland,1977,1.0,0.0,0,Europe
Syrian Arab Republic,1979,689.0,30.0,4.35,Eastern Mediterranean
Syrian Arab Republic,1977,2362.0,66.0,2.79,Eastern Mediterranean
Syrian Arab Republic,1976,795.0,11.0,1.38,Eastern Mediterranean
Syrian Arab Republic,1975,67.0,6.0,8.96,Eastern Mediterranean
Syrian Arab Republic,1972,505.0,25.0,4.95,Eastern Mediterranean
Syrian Arab Republic,1971,5.0,0.0,0,Eastern Mediterranean
Syrian Arab Republic,1970,49.0,0.0,0,Eastern Mediterranean
Tajikistan,1994,10.0,0.0,0,Europe
Tajikistan,1993,165.0,5.0,3.03,Europe
Thailand,2016,52.0,1.0,1.9,South-East Asia
Thailand,2015,125.0,1.0,0.8,South-East Asia
Thailand,2014,12.0,0.0,0.0,South-East Asia
Thailand,2013,8.0,0.0,0,South-East Asia
Thailand,2012,29.0,0.0,0,South-East Asia
Thailand,2011,279.0,4.0,1.43,South-East Asia
Thailand,2010,1974.0,15.0,0.76,South-East Asia
Thailand,2009,315.0,2.0,0.63,South-East Asia
Thailand,2008,436.0,3.0,0.69,South-East Asia
Thailand,2007,1428.0,7.0,0.49,South-East Asia
Thailand,2006,35.0,0.0,0,South-East Asia
Thailand,1994,3487.0,5.0,0.14,South-East Asia
Thailand,1988,3418.0,41.0,1.2,South-East Asia
Thailand,1987,6353.0,36.0,0.57,South-East Asia
Thailand,1986,213.0,1.0,0.47,South-East Asia
Thailand,1985,899.0,14.0,1.56,South-East Asia
Thailand,1984,645.0,19.0,2.95,South-East Asia
Thailand,1983,1497.0,41.0,2.74,South-East Asia
Thailand,1982,638.0,16.0,2.51,South-East Asia
Thailand,1981,39.0,2.0,5.13,South-East Asia
Thailand,1980,4331.0,85.0,1.96,South-East Asia
Thailand,1979,1788.0,44.0,2.46,South-East Asia
Thailand,1978,4183.0,123.0,2.94,South-East Asia
Thailand,1977,383.0,5.0,1.31,South-East Asia
Thailand,1976,6.0,0.0,0,South-East Asia
Thailand,1975,1335.0,88.0,6.59,South-East Asia
Thailand,1974,1475.0,64.0,4.34,South-East Asia
Thailand,1973,844.0,33.0,3.91,South-East Asia
Thailand,1969,961.0,40.0,4.16,South-East Asia
Thailand,1968,404.0,21.0,5.2,South-East Asia
Thailand,1967,148.0,6.0,4.05,South-East Asia
Thailand,1966,401.0,21.0,5.24,South-East Asia
Thailand,1965,65.0,4.0,6.15,South-East Asia
Thailand,1964,960.0,30.0,3.13,South-East Asia
Thailand,1963,2230.0,156.0,7,South-East Asia
Thailand,1959,4368.0,613.0,14.03,South-East Asia
Thailand,1958,10201.0,1426.0,13.98,South-East Asia
Thailand,1951,1.0,0.0,0,South-East Asia
Thailand,1949,16.0,2.0,12.5,South-East Asia
The former state union Serbia and Montenegro,1994,2.0,0.0,0,Europe
The former state union Serbia and Montenegro,1989,4.0,0.0,0,Europe
The former state union Serbia and Montenegro,1981,2.0,0.0,0,Europe
The former state union Serbia and Montenegro,1976,3.0,1.0,33.33,Europe
Togo,2015,35.0,1.0,2.9,Africa
Togo,2014,262.0,11.0,4.2,Africa
Togo,2013,166.0,4.0,2.41,Africa
Togo,2012,61.0,1.0,1.64,Africa
Togo,2011,4.0,0.0,0,Africa
Togo,2010,72.0,3.0,4.17,Africa
Togo,2009,218.0,1.0,0.46,Africa
Togo,2008,397.0,3.0,0.76,Africa
Togo,2007,65.0,1.0,1.54,Africa
Togo,2006,1159.0,25.0,2.16,Africa
Togo,2005,1320.0,15.0,1.14,Africa
Togo,2004,1080.0,33.0,3.06,Africa
Togo,2003,384.0,28.0,7.29,Africa
Togo,2002,257.0,14.0,5.45,Africa
Togo,2001,2551.0,130.0,5.1,Africa
Togo,2000,338.0,23.0,6.8,Africa
Togo,1999,667.0,31.0,4.65,Africa
Togo,1998,3217.0,221.0,6.87,Africa
Togo,1997,42.0,7.0,16.67,Africa
Togo,1996,146.0,17.0,11.64,Africa
Togo,1995,65.0,4.0,6.15,Africa
Togo,1994,47.0,5.0,10.64,Africa
Togo,1993,19.0,2.0,10.53,Africa
Togo,1992,753.0,53.0,7.04,Africa
Togo,1991,2396.0,81.0,3.38,Africa
Togo,1988,1.0,0.0,0,Africa
Togo,1978,6.0,6.0,100,Africa
Togo,1977,132.0,12.0,9.09,Africa
Togo,1974,58.0,8.0,13.79,Africa
Togo,1972,16.0,0.0,0,Africa
Togo,1971,335.0,26.0,7.76,Africa
Togo,1970,75.0,3.0,4,Africa
Tonga,2001,145.0,2.0,1.38,Western Pacific
Tunisia,1973,656.0,16.0,2.44,Eastern Mediterranean
Tunisia,1972,4.0,0.0,0,Eastern Mediterranean
Tunisia,1970,27.0,0.0,0,Eastern Mediterranean
Turkey,1977,17.0,0.0,0,Europe
Turkey,1970,384.0,52.0,13.54,Europe
Turkmenistan,2002,30.0,2.0,6.67,Europe
Turkmenistan,2001,561.0,6.0,1.07,Europe
Turkmenistan,1997,55.0,0.0,0,Europe
Turkmenistan,1994,1.0,0.0,0,Europe
Tuvalu,1992,293.0,8.0,2.73,Western Pacific
Tuvalu,1990,42.0,0.0,0,Western Pacific
Uganda,2016,516.0,11.0,2.1,Africa
Uganda,2015,1461.0,33.0,2.3,Africa
Uganda,2014,309.0,9.0,2.9,Africa
Uganda,2013,748.0,27.0,3.61,Africa
Uganda,2012,6326.0,135.0,2.13,Africa
Uganda,2010,2341.0,78.0,3.33,Africa
Uganda,2009,1095.0,23.0,2.1,Africa
Uganda,2008,3726.0,120.0,3.22,Africa
Uganda,2007,276.0,3.0,1.09,Africa
Uganda,2006,5194.0,106.0,2.04,Africa
Uganda,2005,4924.0,98.0,0,Africa
Uganda,2004,3380.0,91.0,2.69,Africa
Uganda,2003,4377.0,129.0,2.95,Africa
Uganda,2002,2274.0,133.0,5.85,Africa
Uganda,2001,247.0,4.0,1.62,Africa
Uganda,2000,2807.0,172.0,6.13,Africa
Uganda,1999,5179.0,228.0,4.4,Africa
Uganda,1998,49514.0,2064.0,4.17,Africa
Uganda,1997,2610.0,188.0,7.2,Africa
Uganda,1996,291.0,40.0,13.75,Africa
Uganda,1995,538.0,66.0,12.27,Africa
Uganda,1994,704.0,39.0,5.54,Africa
Uganda,1992,5072.0,104.0,2.05,Africa
Uganda,1991,279.0,28.0,10.04,Africa
Uganda,1987,140.0,50.0,35.71,Africa
Uganda,1982,190.0,48.0,25.26,Africa
Uganda,1980,1539.0,181.0,11.76,Africa
Uganda,1979,940.0,60.0,6.38,Africa
Uganda,1978,1120.0,110.0,9.82,Africa
Uganda,1975,3.0,0.0,0,Africa
Uganda,1971,757.0,30.0,3.96,Africa
Ukraine,2011,33.0,0.0,0.00,Europe
Ukraine,2007,0.0,0.0,0,Europe
Ukraine,1999,2.0,0.0,0,Europe
Ukraine,1995,525.0,10.0,1.9,Europe
Ukraine,1994,813.0,20.0,2.46,Europe
Ukraine,1991,75.0,0.0,0,Europe
United Arab Emirates,1972,2.0,0.0,0,Eastern Mediterranean
United Kingdom of Great Britain and Northern Ireland,2016,19.0,0.0,0.0,Europe
United Kingdom of Great Britain and Northern Ireland,2015,15.0,0.0,0,Europe
United Kingdom of Great Britain and Northern Ireland,2014,14.0,0.0,0.0,Europe
United Kingdom of Great Britain and Northern Ireland,2013,6.0,0.0,0,Europe
United Kingdom of Great Britain and Northern Ireland,2012,17.0,0.0,0,Europe
United Kingdom of Great Britain and Northern Ireland,2010,8.0,0.0,0.00,Europe
United Kingdom of Great Britain and Northern Ireland,2009,16.0,0.0,0,Europe
United Kingdom of Great Britain and Northern Ireland,2008,8.0,0.0,0,Europe
United Kingdom of Great Britain and Northern Ireland,2007,32.0,0.0,0,Europe
United Kingdom of Great Britain and Northern Ireland,2006,49.0,0.0,0,Europe
United Kingdom of Great Britain and Northern Ireland,2004,13.0,0.0,0.00,Europe
United Kingdom of Great Britain and Northern Ireland,1998,18.0,0.0,0,Europe
United Kingdom of Great Britain and Northern Ireland,1997,6.0,0.0,0,Europe
United Kingdom of Great Britain and Northern Ireland,1996,13.0,0.0,0,Europe
United Kingdom of Great Britain and Northern Ireland,1995,10.0,0.0,0,Europe
United Kingdom of Great Britain and Northern Ireland,1994,18.0,0.0,0,Europe
United Kingdom of Great Britain and Northern Ireland,1993,13.0,0.0,0,Europe
United Kingdom of Great Britain and Northern Ireland,1992,5.0,0.0,0,Europe
United Kingdom of Great Britain and Northern Ireland,1991,8.0,0.0,0,Europe
United Kingdom of Great Britain and Northern Ireland,1990,6.0,0.0,0,Europe
United Kingdom of Great Britain and Northern Ireland,1989,1.0,0.0,0,Europe
United Kingdom of Great Britain and Northern Ireland,1988,10.0,0.0,0,Europe
United Kingdom of Great Britain and Northern Ireland,1987,2.0,0.0,0,Europe
United Kingdom of Great Britain and Northern Ireland,1986,11.0,0.0,0,Europe
United Kingdom of Great Britain and Northern Ireland,1985,4.0,1.0,25,Europe
United Kingdom of Great Britain and Northern Ireland,1984,5.0,0.0,0,Europe
United Kingdom of Great Britain and Northern Ireland,1983,4.0,0.0,0,Europe
United Kingdom of Great Britain and Northern Ireland,1982,1.0,0.0,0,Europe
United Kingdom of Great Britain and Northern Ireland,1981,12.0,0.0,0,Europe
United Kingdom of Great Britain and Northern Ireland,1977,2.0,0.0,0,Europe
United Kingdom of Great Britain and Northern Ireland,1976,1.0,0.0,0,Europe
United Kingdom of Great Britain and Northern Ireland,1975,1.0,0.0,0,Europe
United Kingdom of Great Britain and Northern Ireland,1974,3.0,0.0,0,Europe
United Kingdom of Great Britain and Northern Ireland,1973,5.0,0.0,0,Europe
United Kingdom of Great Britain and Northern Ireland,1972,2.0,0.0,0,Europe
United Kingdom of Great Britain and Northern Ireland,1971,3.0,0.0,0,Europe
United Kingdom of Great Britain and Northern Ireland,1970,1.0,0.0,0,Europe
United Republic of Tanzania,2016,11360.0,172.0,1.5,Africa
United Republic of Tanzania,2015,11563.0,144.0,1.2,Africa
United Republic of Tanzania,2013,270.0,17.0,6.3,Africa
United Republic of Tanzania,2012,286.0,4.0,1.4,Africa
United Republic of Tanzania,2011,942.0,11.0,1.17,Africa
United Republic of Tanzania,2010,4469.0,59.0,1.32,Africa
United Republic of Tanzania,2009,7700.0,113.0,1.47,Africa
United Republic of Tanzania,2008,2911.0,88.0,3.02,Africa
United Republic of Tanzania,2007,1609.0,65.0,4.04,Africa
United Republic of Tanzania,2006,14297.0,254.0,1.78,Africa
United Republic of Tanzania,2005,2945.0,94.0,3.19,Africa
United Republic of Tanzania,2004,10319.0,272.0,2.64,Africa
United Republic of Tanzania,2003,710.0,32.0,4.51,Africa
United Republic of Tanzania,2002,11920.0,297.0,2.49,Africa
United Republic of Tanzania,2001,1300.0,52.0,4,Africa
United Republic of Tanzania,2000,4637.0,156.0,3.36,Africa
United Republic of Tanzania,1999,12266.0,584.0,4.76,Africa
United Republic of Tanzania,1998,14488.0,608.0,4.2,Africa
United Republic of Tanzania,1997,40249.0,2231.0,5.54,Africa
United Republic of Tanzania,1996,1464.0,36.0,2.46,Africa
United Republic of Tanzania,1995,2957.0,96.0,3.25,Africa
United Republic of Tanzania,1994,2240.0,155.0,6.92,Africa
United Republic of Tanzania,1993,792.0,74.0,9.34,Africa
United Republic of Tanzania,1992,18526.0,2173.0,11.73,Africa
United Republic of Tanzania,1991,5676.0,572.0,10.08,Africa
United Republic of Tanzania,1990,2230.0,81.0,3.63,Africa
United Republic of Tanzania,1989,2150.0,232.0,10.79,Africa
United Republic of Tanzania,1988,5267.0,580.0,11.01,Africa
United Republic of Tanzania,1987,1892.0,232.0,12.26,Africa
United Republic of Tanzania,1986,1231.0,215.0,17.47,Africa
United Republic of Tanzania,1985,1984.0,250.0,12.6,Africa
United Republic of Tanzania,1984,2600.0,338.0,13,Africa
United Republic of Tanzania,1983,1816.0,127.0,6.99,Africa
United Republic of Tanzania,1982,4071.0,324.0,7.96,Africa
United Republic of Tanzania,1981,4241.0,330.0,7.78,Africa
United Republic of Tanzania,1980,5196.0,587.0,11.3,Africa
United Republic of Tanzania,1979,2559.0,305.0,11.92,Africa
United Republic of Tanzania,1978,6608.0,733.0,11.09,Africa
United Republic of Tanzania,1977,297.0,26.0,8.75,Africa
United Republic of Tanzania,1974,10.0,6.0,60,Africa
United States of America,2016,14.0,0.0,0.0,Americas
United States of America,2015,4.0,0.0,0,Americas
United States of America,2014,7.0,0.0,0.0,Americas
United States of America,2013,14.0,0.0,0,Americas
United States of America,2012,18.0,0.0,0,Americas
United States of America,2010,15.0,0.0,0.00,Americas
United States of America,2009,10.0,0.0,0,Americas
United States of America,2008,5.0,0.0,0,Americas
United States of America,2007,7.0,0.0,0,Americas
United States of America,2006,8.0,0.0,0,Americas
United States of America,2005,12.0,0.0,0,Americas
United States of America,2004,5.0,0.0,0.00,Americas
United States of America,2000,4.0,0.0,0,Americas
United States of America,1999,6.0,0.0,0,Americas
United States of America,1998,17.0,0.0,0,Americas
United States of America,1997,4.0,0.0,0,Americas
United States of America,1996,3.0,0.0,0,Americas
United States of America,1995,19.0,0.0,0,Americas
United States of America,1994,47.0,0.0,0,Americas
United States of America,1993,19.0,0.0,0,Americas
United States of America,1992,103.0,1.0,0.97,Americas
United States of America,1991,26.0,0.0,0,Americas
United States of America,1990,7.0,0.0,0,Americas
United States of America,1988,9.0,0.0,0,Americas
United States of America,1987,6.0,0.0,0,Americas
Uzbekistan,1994,1.0,0.0,0,Europe
Venezuela (Bolivarian Republic of),2013,4.0,0.0,0,Americas
Venezuela (Bolivarian Republic of),2000,141.0,0.0,0,Americas
Venezuela (Bolivarian Republic of),1999,376.0,8.0,2.13,Americas
Venezuela (Bolivarian Republic of),1998,313.0,7.0,2.24,Americas
Venezuela (Bolivarian Republic of),1997,2551.0,59.0,2.31,Americas
Venezuela (Bolivarian Republic of),1996,269.0,9.0,3.35,Americas
Venezuela (Bolivarian Republic of),1993,409.0,10.0,2.45,Americas
Venezuela (Bolivarian Republic of),1992,2842.0,68.0,2.39,Americas
Venezuela (Bolivarian Republic of),1991,15.0,2.0,13.33,Americas
Viet Nam,2010,606.0,0.0,0.00,Western Pacific
Viet Nam,2009,471.0,1.0,0.21,Western Pacific
Viet Nam,2008,853.0,0.0,0,Western Pacific
Viet Nam,2007,1946.0,0.0,0,Western Pacific
Viet Nam,2005,0.0,0.0,0,Western Pacific
Viet Nam,1999,169.0,0.0,0,Western Pacific
Viet Nam,1998,13.0,1.0,7.69,Western Pacific
Viet Nam,1997,4.0,0.0,0,Western Pacific
Viet Nam,1996,566.0,2.0,0.35,Western Pacific
Viet Nam,1995,6088.0,45.0,0.74,Western Pacific
Viet Nam,1994,5776.0,68.0,1.18,Western Pacific
Viet Nam,1993,3361.0,9.0,0.27,Western Pacific
Viet Nam,1992,4260.0,110.0,2.58,Western Pacific
Viet Nam,1991,52.0,1.0,1.92,Western Pacific
Viet Nam,1990,358.0,4.0,1.12,Western Pacific
Viet Nam,1989,143.0,0.0,0,Western Pacific
Viet Nam,1988,343.0,7.0,2.04,Western Pacific
Viet Nam,1987,216.0,5.0,2.31,Western Pacific
Viet Nam,1986,525.0,8.0,1.52,Western Pacific
Viet Nam,1985,502.0,9.0,1.79,Western Pacific
Viet Nam,1984,22.0,0.0,0,Western Pacific
Viet Nam,1983,392.0,0.0,0,Western Pacific
Viet Nam,1982,57.0,0.0,0,Western Pacific
Viet Nam,1981,157.0,8.0,5.1,Western Pacific
Viet Nam,1980,978.0,49.0,5.01,Western Pacific
Viet Nam,1979,365.0,28.0,7.67,Western Pacific
Viet Nam,1978,2.0,0.0,0,Western Pacific
Viet Nam,1977,32.0,0.0,0,Western Pacific
Viet Nam,1976,1068.0,0.0,0,Western Pacific
Viet Nam,1975,5.0,0.0,0,Western Pacific
Viet Nam,1974,139.0,2.0,1.44,Western Pacific
Viet Nam,1973,1495.0,18.0,1.2,Western Pacific
Viet Nam,1972,146.0,1.0,0.68,Western Pacific
Viet Nam,1971,270.0,1.0,0.37,Western Pacific
Viet Nam,1970,82.0,1.0,1.22,Western Pacific
Viet Nam,1969,2573.0,26.0,1.01,Western Pacific
Viet Nam,1968,1097.0,8.0,0.73,Western Pacific
Viet Nam,1967,7664.0,71.0,0.93,Western Pacific
Viet Nam,1966,8353.0,167.0,2,Western Pacific
Viet Nam,1965,1738.0,29.0,1.67,Western Pacific
Viet Nam,1964,20186.0,872.0,4.32,Western Pacific
Viet Nam,1954,3.0,3.0,100,Western Pacific
Viet Nam,1953,7.0,7.0,100,Western Pacific
Viet Nam,1952,7.0,6.0,85.71,Western Pacific
Viet Nam,1951,26.0,21.0,80.77,Western Pacific
Viet Nam,1950,9.0,4.0,44.44,Western Pacific
Yemen,2016,15751.0,164.0,1.0,Eastern Mediterranean
Yemen,2011,31789.0,134.0,0.42,Eastern Mediterranean
Yemen,2010,300.0,4.0,1.33,Eastern Mediterranean
Yemen,2009,55.0,3.0,5.45,Eastern Mediterranean
Yemen,1992,4.0,0.0,0,Eastern Mediterranean
Yemen,1980,720.0,20.0,2.78,Eastern Mediterranean
Yemen,1979,1953.0,45.0,2.3,Eastern Mediterranean
Yemen,1978,414.0,12.0,2.9,Eastern Mediterranean
Yemen,1975,1.0,0.0,0,Eastern Mediterranean
Yemen,1974,6.0,1.0,16.67,Eastern Mediterranean
Yemen,1973,215.0,23.0,10.7,Eastern Mediterranean
Yemen,1972,1064.0,140.0,13.16,Eastern Mediterranean
Yemen,1971,190.0,26.0,13.68,Eastern Mediterranean
Zambia,2012,198.0,2.0,1.01,Africa
Zambia,2011,330.0,7.0,2.12,Africa
Zambia,2010,6794.0,62.0,0.91,Africa
Zambia,2009,4712.0,80.0,1.7,Africa
Zambia,2008,2061.0,39.0,1.89,Africa
Zambia,2007,2286.0,35.0,1.53,Africa
Zambia,2006,5360.0,183.0,3.41,Africa
Zambia,2005,1503.0,7.0,0.47,Africa
Zambia,2004,12149.0,373.0,3.07,Africa
Zambia,2003,1049.0,29.0,2.76,Africa
Zambia,2002,339.0,12.0,3.54,Africa
Zambia,2001,3109.0,165.0,5.31,Africa
Zambia,2000,4504.0,303.0,6.73,Africa
Zambia,1999,13511.0,535.0,3.96,Africa
Zambia,1998,171.0,0.0,0,Africa
Zambia,1997,36.0,0.0,0,Africa
Zambia,1996,2172.0,42.0,1.93,Africa
Zambia,1993,6766.0,426.0,6.3,Africa
Zambia,1992,11659.0,913.0,7.83,Africa
Zambia,1991,13154.0,1091.0,8.29,Africa
Zambia,1990,3717.0,315.0,8.47,Africa
Zambia,1989,44.0,44.0,100,Africa
Zambia,1983,233.0,19.0,8.15,Africa
Zambia,1982,1403.0,131.0,9.34,Africa
Zambia,1981,14.0,0.0,0,Africa
Zambia,1980,57.0,17.0,29.82,Africa
Zambia,1979,12.0,11.0,91.67,Africa
Zambia,1978,263.0,36.0,13.69,Africa
Zimbabwe,2016,10.0,1.0,10.0,Africa
Zimbabwe,2015,60.0,0.0,0,Africa
Zimbabwe,2012,23.0,1.0,4.35,Africa
Zimbabwe,2011,1220.0,2.0,0.16,Africa
Zimbabwe,2010,951.0,21.0,2.21,Africa
Zimbabwe,2009,68153.0,2706.0,1.38,Africa
Zimbabwe,2008,60055.0,2928.0,4.88,Africa
Zimbabwe,2007,65.0,4.0,6.15,Africa
Zimbabwe,2006,789.0,61.0,7.73,Africa
Zimbabwe,2005,516.0,26.0,5.04,Africa
Zimbabwe,2004,119.0,9.0,7.56,Africa
Zimbabwe,2003,1009.0,35.0,3.47,Africa
Zimbabwe,2002,3125.0,192.0,6.14,Africa
Zimbabwe,2001,650.0,14.0,2.15,Africa
Zimbabwe,2000,1675.0,223.0,13.31,Africa
Zimbabwe,1999,5637.0,385.0,6.83,Africa
Zimbabwe,1998,995.0,44.0,4.42,Africa
Zimbabwe,1993,5385.0,332.0,6.17,Africa
Zimbabwe,1992,2048.0,105.0,5.13,Africa
Zimbabwe,1985,144.0,6.0,4.17,Africa
Zimbabwe,1976,144.0,9.0,6.25,Africa
Zimbabwe,1975,615.0,33.0,5.37,Africa
Zimbabwe,1974,37.0,0.0,0,Africa
